fixed acidity,volatile acidity,free sulfur dioxide,total sulfur dioxide,density,pH,sulphates
7.4,0.7,11,34,0.9978,3.51,0.56
7.8,0.88,25,67,0.9968,3.2,0.6799999999999999
7.8,0.76,15,54,0.997,3.2600000000000002,0.65
11.2,0.28,17,60,0.998,3.16,0.58
7.4,0.7,11,34,0.9978,3.51,0.56
7.4,0.6599999999999999,13,40,0.9978,3.51,0.56
7.9,0.6,15,59,0.9964,3.3,0.46
7.3,0.65,15,21,0.9946,3.3899999999999997,0.47000000000000003
7.8,0.58,9,18,0.9968,3.36,0.5700000000000001
7.5,0.5,17,102,0.9978,3.3499999999999996,0.8
6.7,0.58,15,65,0.9959,3.2800000000000002,0.54
7.5,0.5,17,102,0.9978,3.3499999999999996,0.8
5.6,0.615,16,59,0.9943,3.58,0.52
8.9,0.62,52,145,0.9986,3.16,0.88
8.9,0.62,51,148,0.9986,3.17,0.93
8.5,0.28,35,103,0.9969,3.3,0.75
8.1,0.56,16,56,0.9968,3.11,1.28
7.4,0.59,6,29,0.9974,3.38,0.5
7.9,0.32,17,56,0.9969,3.04,1.08
8.9,0.22,29,60,0.9968,3.3899999999999997,0.53
7.6,0.39,23,71,0.9982,3.52,0.65
7.9,0.43000000000000005,10,37,0.9966,3.17,0.91
8.5,0.49,9,67,0.9968,3.17,0.53
6.9,0.4,21,40,0.9968,3.4299999999999997,0.63
6.3,0.39,11,23,0.9954999999999999,3.34,0.56
7.6,0.41000000000000003,4,11,0.9962,3.2800000000000002,0.59
7.9,0.43000000000000005,10,37,0.9966,3.17,0.91
7.1,0.71,14,35,0.9972,3.4699999999999998,0.55
7.8,0.645,8,16,0.9964,3.38,0.59
6.7,0.6749999999999999,17,82,0.9958,3.3499999999999996,0.54
6.9,0.6849999999999999,22,37,0.9966,3.46,0.5700000000000001
8.3,0.655,15,113,0.9966,3.17,0.6599999999999999
6.9,0.605,40,83,0.9993,3.4499999999999997,0.52
5.2,0.32,13,50,0.9957,3.38,0.55
7.8,0.645,5,18,0.9986,3.4,0.55
7.8,0.6,3,15,0.9974999999999999,3.42,0.6
8.1,0.38,13,30,0.9968,3.23,0.73
5.7,1.1300000000000001,7,19,0.994,3.5,0.48000000000000004
7.3,0.45,12,87,0.9978,3.3299999999999996,0.8300000000000001
7.3,0.45,12,87,0.9978,3.3299999999999996,0.8300000000000001
8.8,0.61,17,46,0.9976,3.2600000000000002,0.51
7.5,0.49,8,14,0.9968,3.21,0.9
8.1,0.6599999999999999,9,23,0.9968,3.3,1.2
6.8,0.6699999999999999,5,11,0.9962,3.48,0.52
7.7,0.935,22,114,0.997,3.25,0.73
8.7,0.29000000000000004,12,37,0.9969,3.25,0.58
6.4,0.4,5,12,0.9958,3.34,0.56
5.6,0.31,12,96,0.9954,3.32,0.58
8.8,0.6599999999999999,4,23,0.9971,3.15,0.74
6.6,0.52,8,15,0.9956,3.4,0.63
6.6,0.5,6,14,0.9954999999999999,3.3899999999999997,0.64
8.6,0.38,30,119,0.997,3.2,0.56
7.6,0.51,33,73,0.9954999999999999,3.17,0.63
7.7,0.62,25,45,0.9978,3.34,0.53
10.2,0.42000000000000004,4,10,0.9971,3.04,0.63
7.5,0.63,50,110,0.9983,3.2600000000000002,0.77
7.8,0.59,17,54,0.9974999999999999,3.4299999999999997,0.59
7.3,0.39,9,46,0.9962,3.4099999999999997,0.54
8.8,0.4,19,52,0.998,3.44,0.64
7.7,0.69,20,112,0.9968,3.21,0.71
7.5,0.52,12,35,0.9968,3.38,0.62
7,0.735,13,54,0.9966,3.3899999999999997,0.5700000000000001
7.2,0.725,4,11,0.9962,3.4099999999999997,0.39
7.2,0.725,4,11,0.9962,3.4099999999999997,0.39
7.5,0.52,11,39,0.9968,3.42,0.58
6.6,0.705,6,15,0.9962,3.44,0.58
9.3,0.32,27,65,0.9969,3.2800000000000002,0.7899999999999999
8,0.705,8,19,0.9962,3.34,0.9500000000000001
7.7,0.63,15,27,0.9967,3.32,0.54
7.7,0.6699999999999999,17,96,0.9962,3.32,0.48000000000000004
7.7,0.69,18,94,0.9961,3.3099999999999996,0.48000000000000004
8.3,0.6749999999999999,11,43,0.9976,3.3099999999999996,0.53
9.7,0.32,28,83,0.9984,3.2800000000000002,0.8200000000000001
8.8,0.41000000000000003,9,42,0.9986,3.54,0.6599999999999999
8.8,0.41000000000000003,9,42,0.9986,3.54,0.6599999999999999
6.8,0.7849999999999999,14,30,0.9966,3.52,0.55
6.7,0.75,12,80,0.9958,3.38,0.52
8.3,0.625,27,119,0.9972,3.16,1.12
6.2,0.45,3,15,0.9958,3.4099999999999997,0.56
7.8,0.43000000000000005,22,67,0.9974,3.13,1.28
7.4,0.5,21,73,0.997,3.36,0.5700000000000001
7.3,0.6699999999999999,16,51,0.9969,3.16,1.1400000000000001
6.3,0.3,18,61,0.9959,3.44,0.7799999999999999
6.9,0.55,19,40,0.9961,3.4099999999999997,0.59
7.7,0.49,9,31,0.9966,3.3899999999999997,0.64
9.3,0.39,34,125,0.9978,3.14,1.22
7,0.62,8,24,0.9978,3.48,0.53
7.9,0.52,42,140,0.9964,3.23,0.54
7.7,0.49,9,31,0.9966,3.3899999999999997,0.64
6.8,0.775,8,23,0.9964999999999999,3.4499999999999997,0.56
7,0.5,3,22,0.9963,3.25,0.63
7.6,0.9,5,10,0.9967,3.3899999999999997,0.56
8.1,0.545,13,35,0.9972,3.3,0.59
8.3,0.61,11,50,0.9972,3.4,0.61
7.8,0.5,8,22,0.9959,3.3099999999999996,0.56
8.1,0.545,13,35,0.9972,3.3,0.59
8.1,0.5750000000000001,12,65,0.9967,3.29,0.51
7.2,0.49,5,36,0.996,3.3299999999999996,0.48000000000000004
8.1,0.5750000000000001,12,65,0.9967,3.29,0.51
7.8,0.41000000000000003,18,69,0.9973,3.08,1.31
6.2,0.63,15,64,0.9969,3.46,0.7899999999999999
8,0.32999999999999996,18,80,0.9976,3.3699999999999997,0.8
8.1,0.7849999999999999,37,153,0.9969,3.21,0.69
7.8,0.56,12,47,0.9964,3.19,0.93
8.4,0.62,11,108,0.9964,3.15,0.6599999999999999
8.4,0.6,14,111,0.9964,3.15,0.6599999999999999
10.1,0.31,22,46,0.9988,3.32,0.6699999999999999
7.8,0.56,12,47,0.9964,3.19,0.93
9.4,0.4,13,62,0.9966,3.07,0.63
8.3,0.54,11,40,0.9978,3.3899999999999997,0.61
7.8,0.56,7,28,0.997,3.3699999999999997,0.5
8.8,0.55,14,56,0.9962,3.21,0.6
7,0.69,22,89,0.9959,3.34,0.54
7.3,1.07,10,89,0.9962,3.3,0.5700000000000001
8.8,0.55,14,56,0.9962,3.21,0.6
7.3,0.695,3,13,0.998,3.4899999999999998,0.52
8,0.71,11,34,0.9976,3.44,0.53
7.8,0.5,21,102,0.996,3.3899999999999997,0.48000000000000004
9,0.62,27,90,0.9984,3.16,0.7
8,0.59,3,16,0.9962,3.42,0.92
6.1,0.38,6,19,0.9954999999999999,3.42,0.5700000000000001
8,0.745,30,134,0.9968,3.24,0.6599999999999999
5.6,0.5,17,99,0.9937,3.63,0.63
5.6,0.5,17,99,0.9937,3.63,0.63
6.6,0.5,17,26,0.9952,3.4,0.58
7.9,1.04,13,29,0.9959,3.22,0.55
8.4,0.745,16,63,0.9964999999999999,3.19,0.8200000000000001
8.3,0.715,10,52,0.9968,3.23,0.77
7.2,0.41500000000000004,13,45,0.9972,3.48,0.64
7.8,0.56,15,105,0.9962,3.3299999999999996,0.54
7.8,0.56,17,108,0.9962,3.32,0.54
8.4,0.745,16,63,0.9964999999999999,3.19,0.8200000000000001
8.3,0.715,10,52,0.9968,3.23,0.77
5.2,0.33999999999999997,27,63,0.9916,3.68,0.7899999999999999
6.3,0.39,3,20,0.9954,3.34,0.58
5.2,0.33999999999999997,27,63,0.9916,3.68,0.7899999999999999
8.1,0.6699999999999999,32,141,0.9968,3.17,0.62
5.8,0.6799999999999999,21,94,0.9944,3.54,0.52
7.6,0.49,10,88,0.9968,3.11,0.8
6.9,0.49,12,30,0.9959,3.42,0.58
8.2,0.4,11,43,0.9974999999999999,3.53,0.61
7.3,0.32999999999999996,5,11,0.9958,3.3299999999999996,0.53
7.5,0.6,25,99,0.995,3.3499999999999996,0.54
7.5,0.6,25,99,0.995,3.3499999999999996,0.54
7.1,0.43000000000000005,29,129,0.9973,3.42,0.72
7.1,0.43000000000000005,28,128,0.9973,3.42,0.71
7.1,0.43000000000000005,29,129,0.9973,3.42,0.72
7.1,0.43000000000000005,28,128,0.9973,3.42,0.71
7.1,0.6799999999999999,12,22,0.9969,3.48,0.5
6.8,0.6,18,86,0.9968,3.59,0.5700000000000001
7.6,0.9500000000000001,7,20,0.9959,3.2,0.56
7.6,0.6799999999999999,9,20,0.9964999999999999,3.17,1.08
7.8,0.53,17,31,0.9964,3.3299999999999996,0.56
7.4,0.6,36,121,0.9982,3.3699999999999997,0.49
7.3,0.59,35,121,0.9981,3.3699999999999997,0.49
7.8,0.63,14,96,0.9961,3.19,0.62
6.8,0.64,18,101,0.9956,3.34,0.52
7.3,0.55,17,42,0.9956,3.3699999999999997,0.48000000000000004
6.8,0.63,11,44,0.9953,3.4699999999999998,0.55
7.9,0.885,4,8,0.9972,3.36,0.32999999999999996
8,0.42000000000000004,6,18,0.9972,3.29,0.61
8,0.42000000000000004,6,18,0.9972,3.29,0.61
7.4,0.62,24,42,0.9961,3.42,0.5700000000000001
7.3,0.38,7,35,0.9961,3.3299999999999996,0.47000000000000003
6.9,0.5,19,49,0.9958,3.3499999999999996,0.7799999999999999
7.3,0.38,7,35,0.9961,3.3299999999999996,0.47000000000000003
7.5,0.52,8,38,0.9972,3.58,0.61
7,0.805,7,20,0.9969,3.48,0.56
8.8,0.61,10,42,0.9969,3.19,0.59
8.8,0.61,10,42,0.9969,3.19,0.59
8.9,0.61,23,110,0.9972,3.12,1.02
7.2,0.73,16,42,0.9972,3.44,0.52
6.8,0.61,11,65,0.9971,3.54,0.58
6.7,0.62,8,62,0.997,3.52,0.58
8.9,0.31,26,85,0.9971,3.2600000000000002,0.53
7.4,0.39,14,67,0.9972,3.34,0.55
7.7,0.705,9,26,0.9976,3.3899999999999997,0.49
7.9,0.5,15,143,0.9968,3.2,0.55
7.9,0.49,17,144,0.9968,3.2,0.55
8.2,0.5,21,127,0.9976,3.23,0.62
6.4,0.37,21,49,0.9974,3.57,0.62
6.8,0.63,16,126,0.9969,3.2800000000000002,0.61
7.6,0.55,7,28,0.9964,3.2800000000000002,0.55
7.6,0.55,7,28,0.9964,3.2800000000000002,0.55
7.8,0.59,24,120,0.9968,3.25,0.54
7.3,0.58,15,55,0.9968,3.46,0.59
11.5,0.3,12,27,0.9981,3.11,0.97
5.4,0.8350000000000001,13,93,0.9924,3.57,0.8500000000000001
6.9,1.09,12,31,0.9948,3.51,0.43000000000000005
9.6,0.32,9,24,0.99695,3.22,0.8200000000000001
8.8,0.37,39,145,0.9974999999999999,3.04,1.03
6.8,0.5,16,49,0.99545,3.36,0.7899999999999999
7,0.42000000000000004,16,39,0.9961,3.34,0.55
7,0.43000000000000005,14,37,0.99615,3.34,0.56
12.8,0.3,9,28,0.9994,3.2,0.77
12.8,0.3,9,28,0.9994,3.2,0.77
7.8,0.5700000000000001,26,120,0.99625,3.29,0.53
7.8,0.44,18,95,0.9966,3.22,0.6699999999999999
11,0.3,7,19,0.998,3.3099999999999996,0.88
9.7,0.53,5,19,0.99585,3.3,0.8600000000000001
8,0.725,10,62,0.99685,3.3499999999999996,0.56
11.6,0.44,5,15,0.998,3.21,0.6699999999999999
8.2,0.5700000000000001,28,65,0.9959,3.3,0.43000000000000005
7.8,0.735,10,41,0.9974,3.24,0.71
7,0.49,26,121,0.9974,3.34,0.76
8.7,0.625,13,49,0.9962,3.14,0.5700000000000001
8.1,0.725,11,41,0.9967,3.36,0.55
7.5,0.49,10,44,0.9957,3.3899999999999997,0.54
7.8,0.53,24,144,0.9965499999999999,3.3,0.6
7.8,0.33999999999999997,24,58,0.9964,3.34,0.59
7.4,0.53,16,72,0.9957,3.15,0.5700000000000001
6.8,0.61,5,10,0.99525,3.42,0.6
8.6,0.645,8,28,0.99815,3.2800000000000002,0.6
8.4,0.635,15,55,0.99745,3.3099999999999996,0.5700000000000001
7.7,0.43000000000000005,29,63,0.99615,3.3699999999999997,0.58
9,0.8200000000000001,9,23,0.9984,3.3899999999999997,0.63
7.7,0.43000000000000005,29,63,0.99615,3.3699999999999997,0.58
6.9,0.52,10,37,0.99685,3.46,0.5
5.2,0.48000000000000004,19,106,0.9927,3.54,0.62
8,0.38,12,49,0.99625,3.3699999999999997,0.52
8.5,0.37,18,58,0.998,3.34,0.7
6.9,0.52,10,37,0.99685,3.46,0.5
8.2,1,7,37,0.99685,3.32,0.55
7.2,0.63,14,38,0.99675,3.3699999999999997,0.58
7.2,0.63,14,38,0.99675,3.3699999999999997,0.58
7.2,0.645,15,39,0.99675,3.3699999999999997,0.58
7.2,0.63,14,38,0.99675,3.3699999999999997,0.58
8.2,1,7,37,0.99685,3.32,0.55
8.9,0.635,5,62,0.9971,3,1.09
12,0.38,6,24,0.99925,3.14,0.71
7.7,0.58,28,109,0.99565,3.08,0.49
7.3,0.6599999999999999,6,23,0.9983,3.61,0.96
7.1,0.6799999999999999,16,51,0.99685,3.38,0.52
8.2,0.6,11,73,0.9963,3.2,0.45
7.7,0.53,9,39,0.99615,3.3499999999999996,0.48000000000000004
7.3,0.6599999999999999,6,23,0.9983,3.61,0.96
10.8,0.32,16,37,0.9984999999999999,3.22,0.7799999999999999
7.1,0.6,16,34,0.9972,3.4699999999999998,0.7
11.1,0.35,5,21,0.9986,3.17,0.53
7.7,0.775,8,86,0.9959,3.23,0.59
7.1,0.6,16,34,0.9972,3.4699999999999998,0.7
8,0.5700000000000001,17,119,0.99675,3.2600000000000002,0.5700000000000001
9.4,0.33999999999999997,5,13,0.998,3.22,0.62
6.6,0.695,12,56,0.9968,3.4899999999999998,0.6699999999999999
7.7,0.41000000000000003,8,45,0.9968,3.06,1.26
10,0.31,14,33,0.99965,3.36,0.8
7.9,0.32999999999999996,18,45,0.99625,3.29,0.65
7,0.975,12,67,0.99565,3.3499999999999996,0.6
8,0.52,10,35,0.99575,3.34,0.5700000000000001
7.9,0.37,23,49,0.9963,3.2800000000000002,0.6699999999999999
12.5,0.56,5,27,0.9999,3.08,0.8700000000000001
11.8,0.26,6,10,0.9968,3.2,0.72
8.1,0.8700000000000001,26,61,1.00025,3.6,0.72
7.9,0.35,15,37,0.9973,3.3499999999999996,0.8600000000000001
6.9,0.54,7,27,0.9987,3.69,0.91
11.5,0.18,4,23,0.9996,3.2800000000000002,0.97
7.9,0.545,27,61,0.9964999999999999,3.36,0.6699999999999999
11.5,0.18,4,23,0.9996,3.2800000000000002,0.97
10.9,0.37,17,65,0.99935,3.22,0.7799999999999999
8.4,0.715,10,38,0.99735,3.3099999999999996,0.64
7.5,0.65,27,94,0.99915,3.38,0.77
7.9,0.545,27,61,0.9964999999999999,3.36,0.6699999999999999
6.9,0.54,7,27,0.9987,3.69,0.91
11.5,0.18,4,23,0.9996,3.2800000000000002,0.97
10.3,0.32,5,13,0.9976,3.23,0.8200000000000001
8.9,0.4,10,47,0.9991,3.38,0.77
11.4,0.26,6,19,0.9986,3.12,0.8200000000000001
7.7,0.27,5,10,0.9972,3.25,1.08
7.6,0.52,12,53,0.9971,3.36,0.5700000000000001
8.9,0.4,10,47,0.9991,3.38,0.77
9.9,0.59,32,71,1.00015,3.3099999999999996,0.71
9.9,0.59,32,71,1.00015,3.3099999999999996,0.71
12,0.45,25,49,0.9997,3.1,0.76
7.5,0.4,29,53,0.9967,3.3699999999999997,0.7
8.7,0.52,20,49,0.9976,3.34,0.8600000000000001
11.6,0.42000000000000004,33,98,1.001,3.2,0.9500000000000001
8.7,0.52,20,49,0.9976,3.34,0.8600000000000001
11,0.2,6,18,0.9979,3.3,0.71
10.4,0.55,18,48,0.9994,3.22,0.64
6.9,0.36,5,16,0.9964,3.4099999999999997,0.6
13.3,0.33999999999999997,17,53,1.0013999999999998,3.05,0.81
10.8,0.5,5,27,1.0001,3.05,0.64
10.6,0.8300000000000001,26,70,0.9981,3.16,0.52
7.1,0.63,8,29,0.9985499999999999,3.67,0.73
7.2,0.65,5,31,0.9993,3.67,0.8
6.9,0.6699999999999999,8,33,0.99845,3.68,0.71
7.5,0.53,20,44,0.9964999999999999,3.38,0.59
11.1,0.18,7,15,0.9973,3.22,0.64
8.3,0.705,12,28,0.9994,3.51,0.72
7.4,0.6699999999999999,5,21,0.996,3.3899999999999997,0.54
8.4,0.65,12,90,0.9973,3.2,0.52
10.3,0.53,6,25,0.9998,3.12,0.59
7.6,0.62,7,54,0.9966,3.36,0.52
10.3,0.41000000000000003,6,14,0.9994,3.19,0.62
10.3,0.43000000000000005,5,12,0.9994,3.19,0.63
7.4,0.29000000000000004,9,30,0.9968,3.4099999999999997,0.53
10.3,0.53,6,25,0.9998,3.12,0.59
7.9,0.53,15,105,0.996,3.27,0.54
9,0.46,19,98,0.99815,3.32,0.63
8.6,0.47000000000000003,30,135,0.9976,3.3,0.53
7.4,0.36,26,72,0.99645,3.3899999999999997,0.6799999999999999
7.1,0.35,20,53,0.9962,3.42,0.65
9.6,0.56,37,92,0.9996,3.3,0.65
9.6,0.77,30,74,0.99865,3.3,0.64
9.8,0.6599999999999999,21,59,0.9989,3.3699999999999997,0.71
9.6,0.77,30,74,0.99865,3.3,0.64
9.8,0.6599999999999999,21,59,0.9989,3.3699999999999997,0.71
9.3,0.61,25,87,0.99975,3.24,0.62
7.8,0.62,6,18,0.99735,3.29,0.63
10.3,0.59,35,73,0.999,3.2800000000000002,0.7
10,0.49,13,50,1.0014999999999998,3.16,0.69
10,0.49,13,50,1.0014999999999998,3.16,0.69
11.6,0.53,6,14,0.9978,3.05,0.74
10.3,0.44,5,13,0.998,3.2800000000000002,0.8300000000000001
13.4,0.27,6,21,1.0002,3.16,0.6699999999999999
10.7,0.46,7,15,0.9981,3.18,0.62
10.2,0.36,10,41,0.998,3.23,0.6599999999999999
10.2,0.36,10,41,0.998,3.23,0.6599999999999999
8,0.58,21,114,0.9973,3.22,0.54
8.4,0.56,16,44,0.9958,3.13,0.52
7.9,0.65,17,38,0.9963,3.34,0.74
11.9,0.695,7,21,0.9992,3.17,0.8400000000000001
8.9,0.43000000000000005,6,16,0.9948,3.3499999999999996,0.7
7.8,0.43000000000000005,29,58,0.9974,3.3099999999999996,0.64
12.4,0.49,28,99,1.0008,3.16,1
12.5,0.28,12,29,0.9997,3.11,1.36
12.2,0.33999999999999997,10,21,1,3.12,1.1800000000000002
10.6,0.42000000000000004,5,18,0.9972,3.21,0.8700000000000001
10.9,0.39,6,14,0.9982,3.3,0.75
10.9,0.39,6,14,0.9982,3.3,0.75
11.9,0.5700000000000001,6,32,1.0006,3.12,0.7799999999999999
7,0.6849999999999999,40,63,0.9979,3.6,0.81
6.6,0.8150000000000001,17,34,0.9954999999999999,3.58,0.89
13.8,0.49,6,15,0.9986,3.02,0.93
9.6,0.56,15,46,0.9979,3.11,0.92
9.1,0.7849999999999999,11,28,0.9994,3.36,0.8600000000000001
10.7,0.6699999999999999,17,34,1.0004,3.2800000000000002,0.98
9.1,0.7949999999999999,11,26,0.9994,3.3499999999999996,0.8300000000000001
7.7,0.6649999999999999,8,19,0.9974,3.27,0.73
13.5,0.53,23,77,1.0017999999999998,3.18,0.77
6.1,0.21000000000000002,40.5,165,0.9912,3.25,0.59
6.7,0.75,17,32,0.9954999999999999,3.55,0.61
11.5,0.41000000000000003,29,55,1.0001,3.2600000000000002,0.88
10.5,0.42000000000000004,12,29,0.997,3.24,0.75
11.9,0.43000000000000005,10,23,1,3.15,0.8500000000000001
12.6,0.38,10,41,1.001,3.17,0.6799999999999999
8.2,0.7,14,81,0.9973,3.19,0.7
8.6,0.45,21,50,0.9982,3.3699999999999997,0.91
11.9,0.58,6,37,0.9992,3.05,0.56
12.5,0.46,6,15,0.9988,2.9899999999999998,0.8700000000000001
12.8,0.615,7,42,1.0022,3.07,0.73
10,0.42000000000000004,7,21,0.9979,3.2600000000000002,0.93
12.8,0.615,7,42,1.0022,3.07,0.73
10.4,0.5750000000000001,11,24,1,3.16,0.69
10.3,0.33999999999999997,15,75,0.9998,3.18,0.64
9.4,0.27,6,18,0.9962,3.2,1.1300000000000001
6.9,0.765,35,63,0.9974999999999999,3.57,0.7799999999999999
7.9,0.24000000000000002,11,25,0.9967,3.32,0.8700000000000001
9.1,0.28,26,46,0.9967,3.32,1.04
7.4,0.55,12,72,0.9959,3.05,0.63
14,0.41000000000000003,6,47,1.0013999999999998,3.01,0.81
11.5,0.54,6,15,0.9984,3.01,0.8300000000000001
11.5,0.45,19,47,1.0003,3.2600000000000002,1.11
9.4,0.27,6,18,0.9962,3.2,1.1300000000000001
11.4,0.625,6,24,0.9988,3.11,0.99
8.3,0.42000000000000004,24,60,0.9979,3.3099999999999996,0.7
8.3,0.26,11,27,0.9974,3.21,0.8
13.7,0.41500000000000004,17,43,1.0013999999999998,3.06,0.8
8.3,0.26,11,27,0.9974,3.21,0.8
8.3,0.26,11,27,0.9974,3.21,0.8
7.7,0.51,23,54,0.998,3.42,0.74
7.4,0.63,11,37,0.9979,3.4299999999999997,0.76
7.8,0.54,23,48,0.9981,3.4099999999999997,0.74
8.3,0.6599999999999999,17,42,0.9972,3.3099999999999996,0.54
7.8,0.46,23,53,0.9981,3.4299999999999997,0.74
9.6,0.38,16,49,0.9982,3.19,0.7
5.6,0.8500000000000001,12,88,0.9924,3.56,0.8200000000000001
13.7,0.41500000000000004,17,43,1.0013999999999998,3.06,0.8
9.5,0.37,6,26,0.998,3.18,0.51
8.4,0.6649999999999999,13,95,0.997,3.16,0.54
12.7,0.6,6,25,0.9997,3.03,0.5700000000000001
12,0.37,7,38,1.0004,3.22,0.6
11.5,0.59,13,49,0.9988,3.18,0.65
11.5,0.59,13,49,0.9988,3.18,0.65
8.7,0.765,9,42,0.9963,3.1,0.55
7.7,0.26,20,38,0.9949,3.29,0.47000000000000003
12.2,0.48000000000000004,19,64,1,3.1,0.61
11.4,0.6,10,41,0.9994,3.15,0.63
7.7,0.69,15,27,0.9974,3.2600000000000002,0.61
8.7,0.31,11,25,0.9966,3.36,0.76
9.8,0.44,9,28,0.9981,3.24,0.65
12,0.39,12,30,0.9996,3.18,0.63
10.4,0.33999999999999997,6,16,0.997,3.19,0.7
12.5,0.46,26,49,0.9981,3.05,0.5700000000000001
9,0.43000000000000005,26,86,0.9987,3.38,0.62
9.1,0.45,23,78,0.9987,3.38,0.62
7.1,0.735,15,77,0.9966,3.27,0.64
9.9,0.4,6,19,0.9986,3.27,0.8200000000000001
8.8,0.52,24,122,0.9982,3.2600000000000002,0.61
8.6,0.725,31,134,1.0013999999999998,3.32,1.07
10.6,0.48000000000000004,6,20,0.997,3.2600000000000002,0.6599999999999999
7,0.58,34,124,0.9956,3.44,0.48000000000000004
11.9,0.38,7,20,0.9996,3.24,0.76
6.8,0.77,34,52,0.9976,3.62,0.6799999999999999
9.5,0.56,35,67,0.9972,3.2800000000000002,0.73
6.6,0.8400000000000001,32,48,0.9952,3.52,0.56
7.7,0.96,15,60,0.9954999999999999,3.36,0.44
10.5,0.24000000000000002,6,24,0.9978,3.15,0.9
7.7,0.96,15,60,0.9954999999999999,3.36,0.44
6.6,0.8400000000000001,32,48,0.9952,3.52,0.56
6.4,0.6699999999999999,19,48,0.9949,3.4899999999999998,0.49
9.5,0.7799999999999999,6,32,0.9988,3.2600000000000002,0.56
9.1,0.52,9,30,0.9978,3.24,0.6
12.8,0.8400000000000001,13,35,0.9997,3.1,0.6
10.5,0.24000000000000002,6,24,0.9978,3.15,0.9
7.8,0.55,21,66,0.9974,3.25,0.56
11.9,0.37,12,24,0.9958,3,0.65
12.3,0.39,6,18,1.0004,3.16,0.49
10.4,0.41000000000000003,22,54,0.9996,3.15,0.89
12.3,0.39,6,18,1.0004,3.16,0.49
8,0.6699999999999999,38,62,0.9958,3.2600000000000002,0.56
11.1,0.45,6,22,0.9986,3.17,0.6599999999999999
10.4,0.41000000000000003,22,54,0.9996,3.15,0.89
7,0.62,7,50,0.9951,3.08,0.6
12.6,0.31,6,29,0.9987,2.88,0.8200000000000001
11.9,0.4,7,27,0.9988,3.06,0.6799999999999999
10,0.44,11,19,0.9963,3.23,0.63
5.3,0.5700000000000001,5,27,0.9934,3.57,0.8400000000000001
9.5,0.735,6,31,0.9986,3.23,0.56
12.5,0.38,31,72,0.9996,3.1,0.73
9.3,0.48000000000000004,6,16,0.9968,3.22,0.72
8.6,0.53,7,27,0.9967,3.2,0.56
11.9,0.39,17,35,0.9994,3.1,0.61
11.9,0.39,17,35,0.9994,3.1,0.61
8.4,0.37,9,26,0.9979,3.06,1.06
6.8,0.56,18,35,0.9968,3.44,0.63
10.4,0.32999999999999996,5,22,0.9998,3.2600000000000002,0.74
7,0.23,21,67,0.9952,3.5,0.63
11.3,0.62,6,19,0.9988,3.22,0.69
8.9,0.59,5,22,0.9986,3.3699999999999997,0.58
9.2,0.63,29,65,0.9988,3.2800000000000002,0.58
10.4,0.32999999999999996,5,22,0.9998,3.2600000000000002,0.74
11.6,0.58,10,47,1.0008,3.25,0.5700000000000001
9.2,0.43000000000000005,14,23,0.9976,3.3499999999999996,0.61
8.3,0.615,6,19,0.9982,3.2600000000000002,0.61
11,0.26,10,25,0.997,3.18,0.61
8.1,0.6599999999999999,25,129,0.9972,3.08,0.53
11.5,0.315,5,15,0.9987,2.98,0.7
10,0.29000000000000004,10,26,1.0006,3.48,0.91
10.3,0.5,21,51,0.9982,3.16,0.72
8.8,0.46,7,18,0.9947,3.32,0.7899999999999999
11.4,0.36,6,21,1,3.17,0.62
8.7,0.8200000000000001,36,48,0.9952,3.2,0.58
13,0.32,15,47,0.9996,3.05,0.61
9.6,0.54,25,52,0.997,3.2,0.71
12.5,0.37,25,68,0.9994999999999999,3.15,0.8200000000000001
9.9,0.35,5,14,0.9971,3.2600000000000002,0.7899999999999999
10.5,0.28,10,24,0.9982,3.2,0.89
9.6,0.6799999999999999,5,28,0.9988,3.14,0.6
9.3,0.27,6,16,0.998,3.2800000000000002,0.7
10.4,0.24000000000000002,6,20,0.9977,3.18,1.06
9.6,0.6799999999999999,5,28,0.9988,3.14,0.6
9.4,0.6849999999999999,6,31,0.9984,3.19,0.7
9.4,0.3,6,17,0.9964,3.15,0.92
10.6,0.36,6,18,0.9986,3.04,1.05
10.6,0.36,7,18,0.9986,3.04,1.06
10.6,0.44,6,24,0.997,3.06,0.6599999999999999
10.2,0.6699999999999999,6,17,0.9976,3.17,0.47000000000000003
10.2,0.6699999999999999,6,17,0.9976,3.17,0.47000000000000003
10.2,0.645,5,14,0.9982,3.17,0.42000000000000004
11.6,0.32,35,67,1.0002,3.32,0.92
9.3,0.39,10,26,0.9984,3.34,0.75
9.3,0.775,24,56,0.9984,3.3099999999999996,0.6699999999999999
9.2,0.41000000000000003,12,25,0.9952,3.34,0.7899999999999999
8.9,0.4,13,27,0.995,3.32,0.9
8.7,0.69,23,81,1.0002,3.48,0.74
6.5,0.39,28,91,0.9952,3.44,0.55
10.7,0.35,5,16,0.9972,3.15,0.65
7.8,0.52,14,38,0.9984,3.4299999999999997,0.65
7.2,0.33999999999999997,43,113,0.9966,3.32,0.7899999999999999
10.7,0.35,5,16,0.9972,3.15,0.65
8.7,0.69,23,81,1.0002,3.48,0.74
7.8,0.52,14,38,0.9984,3.4299999999999997,0.65
10.4,0.44,38,76,0.999,3.17,0.8500000000000001
10.4,0.44,38,76,0.999,3.17,0.8500000000000001
10.5,0.26,6,24,0.9976,3.18,1.04
10.5,0.24000000000000002,6,22,0.9976,3.21,1.05
10.2,0.49,10,26,0.9968,3.16,0.7799999999999999
10.4,0.24000000000000002,6,21,0.9976,3.25,1.02
11.2,0.6699999999999999,6,13,1,3.17,0.71
10,0.59,26,62,0.9994,3.18,0.63
13.3,0.29000000000000004,23,43,0.9986,3.04,0.6799999999999999
12.4,0.42000000000000004,19,43,0.9978,3.02,0.61
10,0.59,26,62,0.9994,3.18,0.63
10.7,0.4,15,49,0.998,3.03,0.81
10.5,0.51,6,15,0.9973,3.09,0.6599999999999999
10.5,0.51,6,15,0.9973,3.09,0.6599999999999999
8.5,0.655,34,151,1.001,3.3099999999999996,1.1400000000000001
12.5,0.6,5,14,1.001,3.25,0.74
10.4,0.61,5,16,0.9994,3.16,0.63
10.9,0.21000000000000002,11,32,0.9972,3.22,0.6799999999999999
7.3,0.365,39,106,0.9966,3.36,0.7799999999999999
9.8,0.25,15,33,0.9982,3.42,0.9
7.6,0.41000000000000003,16,43,0.998,3.48,0.64
8.2,0.39,47,133,0.9979,3.38,0.99
9.3,0.4,38,142,0.9978,3.22,0.55
9.2,0.43000000000000005,23,116,0.9976,3.23,0.64
10.4,0.64,29,53,0.9998,3.24,0.6699999999999999
7.3,0.365,39,106,0.9966,3.36,0.7799999999999999
7,0.38,33,85,0.9962,3.3899999999999997,0.77
8.2,0.42000000000000004,32,55,0.9988,3.34,0.75
9.9,0.63,6,33,0.9974,3.09,0.5700000000000001
9.1,0.22,1,28,0.999,3.4099999999999997,0.8700000000000001
11.9,0.38,12,42,1.0004,3.16,0.61
11.9,0.38,12,42,1.0004,3.16,0.61
10.3,0.27,15,33,0.9956,3.22,0.6599999999999999
10,0.48000000000000004,13,32,1,3.2800000000000002,0.56
9.1,0.22,1,28,0.999,3.4099999999999997,0.8700000000000001
9.9,0.63,6,33,0.9974,3.09,0.5700000000000001
8.1,0.8250000000000001,5,13,0.9972,3.3699999999999997,0.77
12.9,0.35,5,35,1.0013999999999998,3.2,0.6599999999999999
11.2,0.5,5,17,0.9996,3.22,0.62
9.2,0.59,20,47,0.9988,3.2600000000000002,0.6699999999999999
9.5,0.46,5,17,0.9988,3.21,0.73
9.3,0.715,5,20,0.9966,3.12,0.59
11.2,0.6599999999999999,16,53,0.9993,3.06,0.72
14.3,0.31,6,15,1.0008,2.86,0.7899999999999999
9.1,0.47000000000000003,38,106,0.9982,3.08,0.59
7.5,0.55,10,28,0.9983,3.4499999999999997,0.7799999999999999
10.6,0.31,6,21,0.9987,3.2600000000000002,0.8600000000000001
12.4,0.35,27,69,0.9994,3.12,0.75
9,0.53,6,25,0.9974999999999999,3.27,0.61
6.8,0.51,9,25,0.9958,3.3299999999999996,0.56
9.4,0.43000000000000005,14,45,0.998,3.19,0.73
9.5,0.46,14,44,0.998,3.12,0.74
5,1.04,32,96,0.9934,3.74,0.62
10.9,0.53,10,17,1.0002,3.07,0.56
10.9,0.53,10,17,1.0002,3.07,0.56
13,0.47000000000000003,6,47,1.0021,3.3,0.6799999999999999
12.7,0.6,5,19,0.9994,3.14,0.5700000000000001
9,0.44,26,121,0.9978,3.23,0.58
9,0.54,41,110,0.9982,3.08,0.61
7.6,0.29000000000000004,25,60,0.9971,3.3099999999999996,0.61
13,0.47000000000000003,6,47,1.0021,3.3,0.6799999999999999
12.7,0.6,5,19,0.9994,3.14,0.5700000000000001
8.7,0.7,5,15,0.9991,3.32,0.6
8.7,0.7,5,15,0.9991,3.32,0.6
9.8,0.5,5,20,0.999,3.3099999999999996,0.7899999999999999
6.2,0.36,19,42,0.9946,3.57,0.5700000000000001
11.5,0.35,10,37,1.0003,3.32,0.91
6.2,0.36,19,42,0.9946,3.57,0.5700000000000001
10.2,0.24000000000000002,10,28,0.9978,3.14,0.61
10.5,0.59,14,47,0.9991,3.3,0.56
10.6,0.33999999999999997,20,78,0.9992,3.19,0.7
12.3,0.27,28,46,0.9993,3.2,0.8
9.9,0.5,6,14,0.9978,3.34,0.52
8.8,0.44,18,111,0.9982,3.3,0.6
8.8,0.47000000000000003,17,110,0.9982,3.29,0.6
10.6,0.31,18,40,0.9976,3.14,0.51
12.3,0.5,5,14,1.0002,3.19,0.44
12.3,0.5,5,14,1.0002,3.19,0.44
11.7,0.49,5,15,1,3.19,0.43000000000000005
12,0.28,10,21,0.9976,2.98,0.6599999999999999
11.8,0.32999999999999996,54,80,1.0002,3.3,0.76
7.6,0.51,8,38,0.998,3.4699999999999998,0.6599999999999999
11.1,0.31,16,47,0.9986,3.12,1.02
7.3,0.73,18,102,0.9967,3.2600000000000002,0.59
5,0.42000000000000004,19,50,0.9917,3.72,0.74
10.2,0.29000000000000004,5,13,0.9976,3.05,0.74
9,0.45,21,75,0.9987,3.3499999999999996,0.5700000000000001
6.6,0.39,23,149,0.9922,3.12,0.5
9,0.45,21,75,0.9987,3.3499999999999996,0.5700000000000001
9.9,0.49,9,43,1.0004,3.29,0.58
7.9,0.72,20,38,0.9978,3.4,0.53
8.9,0.595,30,109,0.9998,3.27,0.5700000000000001
12.4,0.4,6,24,0.9994,3.04,0.6
11.9,0.58,5,18,0.998,3.09,0.63
8.5,0.585,5,30,0.9967,3.2,0.48000000000000004
12.7,0.59,11,22,1,3,0.7
8.2,0.915,7,23,0.9962,3.2600000000000002,0.47000000000000003
13.2,0.46,12,35,1.0006,3.1,0.56
7.7,0.8350000000000001,6,14,0.9974999999999999,3.3,0.52
13.2,0.46,12,35,1.0006,3.1,0.56
8.3,0.58,14,63,0.9984,3.17,0.62
8.3,0.6,6,24,0.9984,3.3099999999999996,0.59
9.4,0.41000000000000003,10,20,0.9973,3.34,0.7899999999999999
8.8,0.48000000000000004,26,52,0.9982,3.3099999999999996,0.53
6.3,0.36,15,39,0.9956,3.56,0.52
8.8,0.24000000000000002,25,57,0.9983,3.3899999999999997,0.54
13.2,0.38,5,16,1.0006,2.98,0.54
7.5,0.64,18,29,0.9964999999999999,3.32,0.6
8.2,0.39,10,29,0.9962,3.2600000000000002,0.74
9.2,0.755,10,103,0.9969,2.8699999999999997,1.36
9.6,0.6,28,71,0.9997,3.5,0.5700000000000001
9.6,0.6,28,71,0.9997,3.5,0.5700000000000001
11.5,0.31,14,28,0.9982,3.03,0.93
11.4,0.46,4,17,1.0006,3.13,0.7
11.3,0.37,6,16,0.9988,3.09,0.8
8.3,0.54,16,112,0.9976,3.27,0.61
8.2,0.56,14,104,0.9976,3.2800000000000002,0.62
10,0.58,9,32,0.9974,3.13,0.55
7.9,0.51,21,45,0.9974,3.4899999999999998,0.96
6.8,0.69,21,58,0.9997,3.46,0.72
6.8,0.69,21,58,0.9997,3.46,0.72
8.8,0.6,5,15,0.9988,3.36,0.49
8.8,0.6,5,15,0.9988,3.36,0.49
8.7,0.54,7,31,0.9976,3.27,0.6
7.6,0.6849999999999999,20,84,0.9964,3.21,0.61
8.7,0.54,7,31,0.9976,3.27,0.6
10.4,0.28,5,19,0.9988,3.25,0.63
7.6,0.41000000000000003,21,43,0.9964,3.32,0.5700000000000001
10.1,0.935,11,86,1.001,3.4299999999999997,0.64
7.9,0.35,46,102,0.9964,3.27,0.58
8.7,0.8400000000000001,24,33,0.9954,3.27,0.55
9.6,0.88,30,147,0.9979,3.24,0.53
9.5,0.885,31,145,0.9978,3.24,0.53
7.7,0.915,7,23,0.9964,3.3499999999999996,0.65
8.9,0.29000000000000004,25,57,0.997,3.18,1.36
9.9,0.54,16,40,0.9991,3.3899999999999997,0.62
9.5,0.59,21,68,0.9992,3.46,0.63
9.9,0.54,16,40,0.9991,3.3899999999999997,0.62
9.5,0.59,21,68,0.9992,3.46,0.63
9.9,0.54,16,40,0.9991,3.3899999999999997,0.62
7.8,0.64,5,11,0.9984,3.3699999999999997,0.69
7.3,0.6699999999999999,6,20,0.9972,3.4,0.63
8.3,0.8450000000000001,5,14,0.9967,3.32,0.58
8.7,0.48000000000000004,10,28,0.9964,3.3299999999999996,0.6699999999999999
6.7,0.42000000000000004,24,148,0.9948,3.16,0.5700000000000001
10.7,0.43000000000000005,8,32,0.9986,2.8899999999999997,0.5
9.8,0.88,35,155,1.001,3.4099999999999997,0.6699999999999999
9.4,0.32999999999999996,9,30,0.9976,3.12,0.54
8.6,0.47000000000000003,7,29,0.9979,3.08,0.46
9.7,0.55,20,53,1.0004,3.14,0.61
10.7,0.43000000000000005,8,32,0.9986,2.8899999999999997,0.5
12,0.5,23,42,0.998,2.92,0.6799999999999999
7.2,0.52,5,20,0.9973,3.32,0.81
7.1,0.8400000000000001,5,13,0.997,3.4099999999999997,0.5700000000000001
7.2,0.52,5,20,0.9973,3.32,0.81
7.5,0.42000000000000004,15,42,0.9978,3.3099999999999996,0.64
7.2,0.5700000000000001,9,27,0.9972,3.36,0.7
10.1,0.28,5,13,0.9974,3.04,0.7899999999999999
12.1,0.4,15,54,1,3.03,0.6599999999999999
9.4,0.59,25,48,0.9981,3.14,0.56
8.3,0.49,6,16,0.998,3.18,0.6
11.3,0.33999999999999997,6,15,0.9988,2.94,0.6599999999999999
10,0.73,15,31,0.9966,3.15,0.5700000000000001
11.3,0.33999999999999997,6,15,0.9988,2.94,0.6599999999999999
6.9,0.4,30,45,0.9959,3.2600000000000002,0.58
8.2,0.73,5,13,0.9968,3.2,0.52
8.2,0.73,5,13,0.9968,3.2,0.52
10.8,0.4,7,17,0.9984,3.08,0.6699999999999999
9.3,0.41000000000000003,12,31,0.9984,3.2600000000000002,0.65
10.8,0.4,7,17,0.9984,3.08,0.6699999999999999
8.6,0.8,12,31,0.9979,3.4,0.48000000000000004
8.3,0.7799999999999999,45,87,0.9983,3.48,0.53
10.8,0.26,20,49,0.9972,3.13,0.54
13.3,0.43000000000000005,15,40,1.0004,3.06,0.49
8,0.45,16,29,0.9962,3.21,0.49
8.5,0.46,32,58,0.998,3.3299999999999996,0.54
8.1,0.7799999999999999,5,15,0.997,3.3699999999999997,0.56
9.8,0.98,35,152,0.998,3.25,0.48000000000000004
8.1,0.7799999999999999,5,15,0.997,3.3699999999999997,0.56
7.1,0.65,13,40,0.997,3.44,0.6
9.1,0.64,13,38,0.9998,3.2800000000000002,0.59
7.7,0.6599999999999999,4,9,0.9962,3.4,0.47000000000000003
8.1,0.38,5,17,0.9976,3.3,1.05
7.4,1.185,5,14,0.9966,3.63,0.54
9.2,0.92,12,93,0.9998,3.48,0.54
8.6,0.49,16,62,0.9979,3.03,1.1700000000000002
9,0.48000000000000004,21,122,0.9984,3.32,0.62
9,0.47000000000000003,24,125,0.9984,3.3099999999999996,0.61
7,0.65,8,25,0.9972,3.4699999999999998,0.6699999999999999
7,0.65,8,25,0.9972,3.4699999999999998,0.6699999999999999
9.4,0.615,18,72,1.0001,3.3099999999999996,0.53
11.8,0.38,5,19,0.9986,3.11,0.62
10.6,1.02,26,88,0.9984,3.08,0.5700000000000001
7,0.65,8,25,0.9972,3.4699999999999998,0.6699999999999999
7,0.64,9,23,0.997,3.4699999999999998,0.6699999999999999
7.5,0.38,22,84,0.9972,3.32,0.7
9.1,0.765,4,14,0.998,3.29,0.54
8.4,1.035,11,54,0.999,3.3699999999999997,0.49
7,0.7799999999999999,10,19,0.9956,3.4,0.47000000000000003
7.4,0.49,16,37,0.9966,3.3699999999999997,0.51
7.8,0.545,11,35,0.996,3.34,0.61
9.7,0.31,13,33,0.9983,3.27,0.6599999999999999
10.6,1.025,21,84,0.9984999999999999,3.06,0.5700000000000001
8.9,0.5650000000000001,16,112,0.9998,3.38,0.61
8.7,0.69,13,33,0.9992,3.36,0.45
8,0.43000000000000005,10,48,0.9976,3.34,0.46
9.9,0.74,21,77,0.998,3.2800000000000002,0.51
7.2,0.49,13,34,0.9967,3.29,0.48000000000000004
8,0.43000000000000005,10,48,0.9976,3.34,0.46
7.6,0.46,12,49,0.9968,3.21,0.5700000000000001
8.4,0.56,10,22,0.9976,3.22,0.44
7.1,0.6599999999999999,17,45,0.9976,3.46,0.54
8.4,0.56,10,22,0.9976,3.22,0.44
8.9,0.48000000000000004,35,106,0.9982,3.1,0.53
7.6,0.42000000000000004,15,48,0.9968,3.21,0.59
7.5,1.115,5,12,0.9958,3.54,0.6
9,0.6599999999999999,5,13,0.9976,3.29,0.55
8.1,0.72,18,49,0.9994,3.4299999999999997,0.72
6.4,0.5700000000000001,4,11,0.997,3.46,0.6799999999999999
6.4,0.5700000000000001,4,11,0.997,3.46,0.6799999999999999
6.4,0.8650000000000001,27,58,0.995,3.61,0.49
9.5,0.55,12,37,0.9982,3.17,0.6699999999999999
8.9,0.8750000000000001,4,14,0.9994,3.44,0.52
7.3,0.8350000000000001,10,19,0.9966,3.3899999999999997,0.47000000000000003
7,0.45,16,72,0.998,3.55,0.6
7.7,0.56,9,39,0.9987,3.48,0.62
7.7,0.965,11,22,0.9963,3.2600000000000002,0.5
7.7,0.965,11,22,0.9963,3.2600000000000002,0.5
8.2,0.59,19,58,1.0002,3.5,0.65
9,0.46,28,104,0.9983,3.1,0.56
9,0.69,19,38,0.999,3.3499999999999996,0.6
8.3,0.76,12,16,0.9964999999999999,3.4499999999999997,0.6799999999999999
9.2,0.53,28,139,0.99788,3.21,0.5700000000000001
6.5,0.615,9,18,0.9972,3.46,0.65
11.6,0.41000000000000003,25,101,1.00024,3.13,0.53
11.1,0.39,21,101,1.0001,3.13,0.51
7.3,0.51,12,28,0.99768,3.52,0.73
8.2,0.33999999999999997,12,57,0.9978,3.3,0.47000000000000003
8.6,0.32999999999999996,16,68,0.99782,3.3,0.48000000000000004
7.2,0.5,12,31,0.99761,3.52,0.72
7.3,0.51,12,28,0.99768,3.52,0.73
8.3,0.65,17,40,0.99803,3.29,0.55
8.3,0.65,17,40,0.99803,3.29,0.55
7.6,0.54,24,66,0.99785,3.3899999999999997,0.61
8.3,0.65,17,40,0.99803,3.29,0.55
7.8,0.48000000000000004,14,32,0.9965599999999999,3.09,1.06
7.8,0.91,22,47,0.99525,3.51,0.43000000000000005
6.3,0.98,15,33,0.99488,3.6,0.46
8.1,0.8700000000000001,10,31,0.9965599999999999,3.25,0.5
8.1,0.8700000000000001,10,31,0.9965599999999999,3.25,0.5
8.8,0.42000000000000004,33,88,0.99823,3.19,0.52
9,0.58,9,104,0.9977900000000001,3.23,0.5700000000000001
9.3,0.655,5,35,0.9973799999999999,3.25,0.42000000000000004
8.8,0.7,8,19,0.99701,3.3099999999999996,0.53
9.3,0.655,5,35,0.9973799999999999,3.25,0.42000000000000004
9.1,0.6799999999999999,11,44,0.99888,3.3099999999999996,0.55
9.2,0.6699999999999999,12,48,0.99888,3.3099999999999996,0.54
8.8,0.59,12,74,0.9973799999999999,3.14,0.54
7.5,0.6,13,98,0.9993799999999999,3.4499999999999997,0.62
7.1,0.59,24,94,0.99744,3.55,0.53
7.9,0.72,7,32,0.99668,3.3899999999999997,0.54
7.1,0.59,24,94,0.99744,3.55,0.53
9.4,0.6849999999999999,23,143,0.9978,3.2800000000000002,0.55
9.5,0.5700000000000001,23,144,0.99782,3.27,0.55
7.9,0.4,1,44,0.9973,3.3,0.92
7.9,0.4,2,45,0.99727,3.3099999999999996,0.91
7.2,1,7,16,0.99586,3.4299999999999997,0.46
6.9,0.765,5.5,48,0.99612,3.4,0.6
6.9,0.635,6,18,0.9961,3.4,0.59
8.3,0.43000000000000005,7,34,0.99788,3.36,0.61
7.1,0.52,21,92,0.99745,3.5,0.6
7,0.5700000000000001,12,45,0.99676,3.3099999999999996,0.6
6.5,0.46,9,37,0.99732,3.66,0.65
9,0.8200000000000001,26,96,0.99814,3.36,0.53
6.5,0.46,9,37,0.99732,3.66,0.65
7.1,0.59,20,85,0.9974599999999999,3.55,0.59
9.9,0.35,11,61,0.9982,3.21,0.5
9.9,0.35,11,61,0.9982,3.21,0.5
10,0.56,19,58,0.9991,3.18,0.56
10,0.56,19,58,0.9991,3.18,0.56
8.6,0.63,21,119,0.998,3.09,0.52
7.4,0.37,18,82,0.99708,3.3299999999999996,0.6799999999999999
8.8,0.64,25,130,0.99818,3.23,0.54
7.1,0.61,17,87,0.99745,3.48,0.6
7.7,0.6,7,13,0.99639,3.38,0.56
10.1,0.27,7,26,0.9953099999999999,3.17,0.53
10.8,0.89,7,60,0.99786,2.9899999999999998,1.1800000000000002
8.7,0.46,24,64,0.9974599999999999,3.1,0.74
9.3,0.37,21,42,0.9952599999999999,3.24,0.81
9.4,0.5,5,14,0.9987,3.29,0.52
9.4,0.5,5,14,0.9987,3.29,0.52
7.2,0.61,26,108,0.9964099999999999,3.25,0.51
8.6,0.55,8,17,0.99735,3.23,0.44
5.1,0.585,14,86,0.9926400000000001,3.56,0.9400000000000001
7.7,0.56,14,46,0.9971,3.24,0.6599999999999999
8.4,0.52,4,18,0.99682,3.2600000000000002,0.5700000000000001
8.2,0.28,4,10,0.9935599999999999,3.3299999999999996,0.7
8.4,0.25,4,10,0.99386,3.27,0.71
8.2,0.28,4,10,0.9935599999999999,3.3299999999999996,0.7
7.4,0.53,4,12,0.99702,3.2600000000000002,0.8600000000000001
7.6,0.48000000000000004,4,15,0.99693,3.22,0.55
7.3,0.49,4,14,0.9956200000000001,3.3,0.47000000000000003
12.9,0.5,7,24,1.00012,3.09,0.6799999999999999
10.8,0.45,20,38,0.99818,3.24,0.71
6.9,0.39,4,7,0.9946200000000001,3.44,0.58
12.6,0.41000000000000003,19,41,0.99939,3.21,0.76
10.8,0.45,20,38,0.99818,3.24,0.71
9.8,0.51,8,30,0.9984,3.23,0.58
10.8,0.29000000000000004,19,27,0.99545,3.2800000000000002,0.73
7.1,0.715,21,47,0.99632,3.29,0.45
9.1,0.6599999999999999,9,59,0.99976,3.2800000000000002,0.54
7,0.6849999999999999,9,22,0.99606,3.34,0.6
4.9,0.42000000000000004,16,42,0.99154,3.71,0.74
6.7,0.54,15,36,0.9973,3.61,0.64
6.7,0.54,15,36,0.9973,3.61,0.64
7.1,0.48000000000000004,6,16,0.99682,3.24,0.53
7.1,0.46,15,37,0.99624,3.36,0.49
7.5,0.27,4,8,0.9951,3.4,0.64
7.1,0.46,15,37,0.99624,3.36,0.49
7.8,0.5700000000000001,34,45,0.99417,3.46,0.74
5.9,0.61,16,24,0.99376,3.56,0.77
7.5,0.6849999999999999,5,9,0.99632,3.38,0.55
5.9,0.61,16,24,0.99376,3.56,0.77
10.4,0.44,34,48,0.99832,3.38,0.8600000000000001
11.6,0.47000000000000003,36,51,0.9983599999999999,3.38,0.8600000000000001
8.8,0.6849999999999999,16,23,0.99694,3.32,0.47000000000000003
7.6,0.6649999999999999,27,55,0.9965499999999999,3.3899999999999997,0.51
6.7,0.28,36,100,0.9906400000000001,3.2600000000000002,0.39
6.7,0.28,36,100,0.9906400000000001,3.2600000000000002,0.39
10.1,0.31,9,28,0.99672,3.24,0.8300000000000001
6,0.5,13,26,0.99647,3.46,0.47000000000000003
11.1,0.42000000000000004,9,34,0.9973599999999999,3.24,0.77
6.6,0.6599999999999999,21,31,0.99629,3.4499999999999997,0.63
10.6,0.5,34,68,0.99708,3.23,0.72
7.1,0.6849999999999999,9,92,0.9963,3.2800000000000002,0.62
9.9,0.25,26,42,0.9959,3.18,0.8300000000000001
6.4,0.64,14,31,0.99689,3.59,0.6599999999999999
6.4,0.64,14,31,0.99689,3.59,0.6599999999999999
7.4,0.6799999999999999,12,39,0.9977,3.5,0.7
6.4,0.64,14,31,0.99689,3.59,0.6599999999999999
6.4,0.63,12,32,0.99689,3.58,0.6599999999999999
9.3,0.43000000000000005,9,22,0.99708,3.2800000000000002,0.55
9.3,0.43000000000000005,9,22,0.99708,3.2800000000000002,0.55
8,0.42000000000000004,26,122,0.99801,3.22,1.07
9.3,0.36,41,55,0.99652,3.4699999999999998,0.73
9.3,0.36,41,55,0.99652,3.4699999999999998,0.73
7.6,0.735,10,14,0.9953799999999999,3.51,0.71
9.3,0.36,41,55,0.99652,3.4699999999999998,0.73
8.2,0.26,16,47,0.99594,3.4,0.7799999999999999
11.7,0.28,17,32,0.99686,3.15,0.6699999999999999
6.8,0.56,15,24,0.9943799999999999,3.4,0.8200000000000001
7.2,0.62,15,85,0.9974599999999999,3.51,0.54
5.8,1.01,15,88,0.99357,3.66,0.6
7.5,0.42000000000000004,7,25,0.9962799999999999,3.24,0.44
7.2,0.62,17,84,0.9974599999999999,3.51,0.53
7.2,0.62,15,85,0.9974599999999999,3.51,0.54
7.2,0.635,16,86,0.9974799999999999,3.51,0.54
6.8,0.49,13,24,0.9943799999999999,3.4099999999999997,0.8300000000000001
6.9,0.51,13,22,0.9943799999999999,3.4,0.8400000000000001
6.8,0.56,15,24,0.9943799999999999,3.4,0.8200000000000001
7.6,0.63,27,43,0.99578,3.44,0.64
7.7,0.715,31,43,0.99371,3.4099999999999997,0.5700000000000001
6.9,0.56,36,46,0.99522,3.53,0.5700000000000001
7.3,0.35,28,48,0.99576,3.4299999999999997,0.54
9.1,0.21000000000000002,6,10,0.99552,3.23,0.58
10.4,0.38,6,10,0.9966400000000001,3.12,0.65
8.8,0.31,7,16,0.99614,3.3099999999999996,0.7899999999999999
7.1,0.47000000000000003,7,14,0.99517,3.4,0.58
7.7,0.715,31,43,0.99371,3.4099999999999997,0.5700000000000001
8.8,0.61,30,69,0.99787,3.22,0.5
7.2,0.6,18,88,0.99745,3.53,0.55
9.2,0.56,10,21,0.99576,3.15,0.49
7.6,0.715,30,35,0.9953299999999999,3.48,0.65
8.4,0.31,14,26,0.9953599999999999,3.22,0.7799999999999999
7.2,0.6,18,88,0.99745,3.53,0.55
8.8,0.61,30,69,0.99787,3.22,0.5
8.9,0.75,9,30,0.99824,3.34,0.64
9,0.8,8,28,0.9983599999999999,3.3299999999999996,0.65
10.7,0.52,29,56,0.99577,3.15,0.7899999999999999
6.8,0.5700000000000001,32,64,0.99491,3.4299999999999997,0.56
7.2,0.33999999999999997,30,52,0.99576,3.44,0.58
7.2,0.6599999999999999,16,86,0.9974299999999999,3.53,0.5700000000000001
10.1,0.45,10,18,0.9977400000000001,3.22,0.65
7.2,0.6599999999999999,16,86,0.9974299999999999,3.53,0.5700000000000001
7.2,0.63,17,88,0.99745,3.53,0.58
7.1,0.59,27,43,0.9954999999999999,3.42,0.58
8.3,0.31,17,43,0.99444,3.3099999999999996,0.77
7.1,0.59,27,43,0.9954999999999999,3.42,0.58
8.3,0.31,17,43,0.99444,3.3099999999999996,0.77
8.3,1.02,6,11,0.99892,3.48,0.49
8.9,0.31,10,39,0.9956200000000001,3.4,0.69
7.4,0.635,16,33,0.9973599999999999,3.58,0.69
7.4,0.635,16,33,0.9973599999999999,3.58,0.69
6.8,0.59,11,18,0.9962,3.4099999999999997,0.59
6.8,0.59,11,18,0.9962,3.4099999999999997,0.59
9.2,0.58,15,115,0.998,3.23,0.59
7.2,0.54,12,78,0.9964,3.3899999999999997,0.71
6.1,0.56,6,9,0.9948,3.59,0.54
7.4,0.52,34,61,0.9952799999999999,3.4299999999999997,0.59
7.3,0.305,7,11,0.9933099999999999,3.29,0.52
9.3,0.38,3,11,0.99577,3.23,0.5700000000000001
9.1,0.28,3,9,0.99901,3.18,0.6
10,0.46,4,8,0.9967400000000001,3.3299999999999996,0.62
9.4,0.395,3,10,0.99639,3.27,0.64
7.3,0.305,7,11,0.9933099999999999,3.29,0.52
8.6,0.315,3,6,0.99512,3.27,0.6699999999999999
5.3,0.715,7,62,0.99395,3.62,0.61
6.8,0.41000000000000003,26,45,0.99824,3.38,0.64
8.4,0.36,32,79,0.9964,3.3,0.72
8.4,0.62,38,46,0.99504,3.38,0.89
9.6,0.41000000000000003,10,23,0.99786,3.24,0.56
8.4,0.36,32,79,0.9964,3.3,0.72
8.4,0.62,38,46,0.99504,3.38,0.89
6.8,0.41000000000000003,26,45,0.99824,3.38,0.64
8.6,0.47000000000000003,14,28,0.9951599999999999,3.18,0.8
8.6,0.22,53,77,0.99604,3.4699999999999998,0.8700000000000001
9.4,0.24000000000000002,52,73,0.99786,3.4699999999999998,0.9
8.4,0.6699999999999999,11,75,0.9973599999999999,3.2,0.59
8.6,0.47000000000000003,14,28,0.9951599999999999,3.18,0.8
8.7,0.32999999999999996,10,19,0.99468,3.3,0.73
6.6,0.61,8,25,0.9974599999999999,3.69,0.73
7.4,0.61,13,38,0.9974799999999999,3.48,0.65
7.6,0.4,29,66,0.9971,3.4499999999999997,0.59
7.4,0.61,13,38,0.9974799999999999,3.48,0.65
6.6,0.61,8,25,0.9974599999999999,3.69,0.73
8.8,0.3,19,72,0.9954299999999999,3.3899999999999997,0.72
8.8,0.3,19,72,0.9954299999999999,3.3899999999999997,0.72
12,0.63,6,26,0.99791,3.07,0.6
7.2,0.38,23,42,0.9935599999999999,3.34,0.72
6.2,0.46,7,11,0.99425,3.61,0.54
9.6,0.32999999999999996,13,25,0.99509,3.36,0.76
9.9,0.27,9,17,0.9948400000000001,3.19,0.52
10.1,0.43000000000000005,13,52,0.99834,3.22,0.64
9.8,0.5,10,45,0.9986400000000001,3.24,0.6
8.3,0.3,11,24,0.99498,3.27,0.64
10.2,0.44,7,20,0.99566,3.14,0.7899999999999999
10.2,0.44,11,24,0.99745,3.29,0.99
8.3,0.28,6,12,0.99408,3.2600000000000002,0.62
8.9,0.12000000000000001,10,21,0.99552,3.4099999999999997,0.76
8.9,0.12000000000000001,10,21,0.99552,3.4099999999999997,0.76
8.9,0.12000000000000001,10,21,0.99552,3.4099999999999997,0.76
8.3,0.28,6,12,0.99408,3.2600000000000002,0.62
8.2,0.31,6,10,0.9953599999999999,3.3099999999999996,0.6799999999999999
10.2,0.33999999999999997,5,9,0.9945799999999999,3.2,0.69
7.6,0.43000000000000005,6,11,0.9953799999999999,3.44,0.54
8.5,0.21000000000000002,9,23,0.9964799999999999,3.36,0.6699999999999999
9,0.36,5,10,0.99568,3.3099999999999996,0.62
9.5,0.37,12,51,0.99613,3.29,0.58
6.4,0.5700000000000001,25,36,0.99519,3.4699999999999998,0.71
8,0.59,12,32,0.99735,3.36,0.61
8.5,0.47000000000000003,18,38,0.99518,3.16,0.8500000000000001
7.1,0.56,7,18,0.99592,3.27,0.62
6.6,0.5700000000000001,6,16,0.99654,3.38,0.69
8.8,0.27,20,27,0.9954599999999999,3.15,0.69
8.5,0.47000000000000003,18,38,0.99518,3.16,0.8500000000000001
8.3,0.33999999999999997,24,48,0.99554,3.34,0.8600000000000001
9,0.38,6,10,0.99604,3.13,0.58
8.5,0.6599999999999999,23,113,0.9973299999999999,3.13,0.48000000000000004
9,0.4,29,46,0.9943,3.2,0.6
6.7,0.56,7,22,0.9966900000000001,3.46,0.61
10.4,0.26,6,10,0.99724,3.3299999999999996,0.8700000000000001
10.4,0.26,6,10,0.99724,3.3299999999999996,0.8700000000000001
10.1,0.38,6,13,0.9964299999999999,3.22,0.65
8.5,0.33999999999999997,6,12,0.99605,3.52,0.63
8.8,0.32999999999999996,7,13,0.9965799999999999,3.3,0.62
7.2,0.41000000000000003,35,72,0.997,3.44,0.52
7.2,0.41000000000000003,35,72,0.997,3.44,0.52
8.4,0.59,31,119,0.99801,3.15,0.5
7,0.4,9,29,0.9941599999999999,3.2800000000000002,0.49
12.2,0.45,3,6,0.9969,3.13,0.63
9.1,0.5,8,17,0.9977400000000001,3.32,0.71
9.5,0.8600000000000001,13,28,0.99712,3.25,0.62
7.3,0.52,51,70,0.99418,3.34,0.8200000000000001
9.1,0.5,8,17,0.9977400000000001,3.32,0.71
12.2,0.45,3,6,0.9969,3.13,0.63
7.4,0.58,7,11,0.9956200000000001,3.4499999999999997,0.58
9.8,0.33999999999999997,3,7,0.9947,3.19,0.55
7.1,0.36,35,70,0.99693,3.44,0.5
7.7,0.39,19,27,0.99596,3.16,0.49
9.7,0.29500000000000004,14,21,0.9955599999999999,3.14,0.51
7.7,0.39,19,27,0.99596,3.16,0.49
7.1,0.33999999999999997,31,68,0.99694,3.4499999999999997,0.48000000000000004
6.5,0.4,30,47,0.99554,3.36,0.48000000000000004
7.1,0.33999999999999997,31,68,0.99694,3.4499999999999997,0.48000000000000004
10,0.35,20,88,0.99918,3.15,0.43000000000000005
7.7,0.6,19,41,0.99697,3.3899999999999997,0.62
5.6,0.6599999999999999,3,11,0.99378,3.71,0.63
5.6,0.6599999999999999,3,11,0.99378,3.71,0.63
8.9,0.8400000000000001,4,10,0.99554,3.12,0.48000000000000004
6.4,0.69,7,12,0.9916200000000001,3.4699999999999998,0.53
7.5,0.43000000000000005,6,12,0.99495,3.44,0.72
9.9,0.35,31,47,0.99676,3.2600000000000002,0.8200000000000001
9.1,0.29000000000000004,13,27,0.9951599999999999,3.2600000000000002,0.8400000000000001
6.8,0.36,4,8,0.9928,3.36,0.55
8.2,0.43000000000000005,27,45,0.99603,3.25,0.54
6.8,0.36,4,8,0.9928,3.36,0.55
9.1,0.29000000000000004,13,27,0.9951599999999999,3.2600000000000002,0.8400000000000001
9.1,0.3,12,25,0.9951599999999999,3.2600000000000002,0.8400000000000001
8.9,0.35,12,24,0.99549,3.23,0.7
9.6,0.5,26,55,0.99722,3.18,0.6799999999999999
8.9,0.28,7,12,0.99354,3.25,0.55
8.9,0.32,12,19,0.9957,3.17,0.55
7.7,1.005,11,32,0.99604,3.23,0.48000000000000004
7.5,0.71,22,31,0.99635,3.38,0.58
8,0.58,3,7,0.99454,3.22,0.58
10.5,0.39,14,27,0.99598,3.06,0.8400000000000001
8.9,0.38,12,28,0.99486,3.27,0.75
8,0.18,36,109,0.99007,2.8899999999999997,0.44
8,0.18,36,109,0.99007,2.8899999999999997,0.44
7,0.5,10,23,0.9963599999999999,3.53,0.61
11.3,0.36,3,8,0.99642,3.2,0.53
11.3,0.36,3,8,0.99642,3.2,0.53
7,0.51,4,9,0.9958400000000001,3.3499999999999996,0.54
8.2,0.32,3,9,0.99505999999999994,3.27,0.55
7.7,0.58,12,18,0.99568,3.32,0.56
8.6,0.8300000000000001,17,43,0.99822,3.3299999999999996,0.6
7.9,0.31,14,36,0.9936400000000001,3.4099999999999997,0.56
6.4,0.7949999999999999,28,52,0.99378,3.4899999999999998,0.52
7.2,0.33999999999999997,41,68,0.99586,3.3699999999999997,0.54
7.7,0.58,12,18,0.99568,3.32,0.56
7.1,0.59,9,14,0.99488,3.42,0.55
7.3,0.55,9,15,0.99514,3.3499999999999996,0.58
8.1,0.8200000000000001,5,14,0.99854,3.36,0.53
7.5,0.5700000000000001,14,27,0.99592,3.3,0.59
8.9,0.745,15,48,0.99739,3.2,0.47000000000000003
10.1,0.37,5,17,0.99683,3.17,0.65
7.6,0.31,26,35,0.9935599999999999,3.22,0.59
7.3,0.91,20,56,0.99672,3.3499999999999996,0.56
8.7,0.41000000000000003,25,42,0.9953,3.24,0.77
8.9,0.5,21,39,0.99692,3.3299999999999996,0.8300000000000001
7.4,0.965,16,32,0.9975599999999999,3.58,0.6699999999999999
6.9,0.49,13,26,0.99547,3.38,0.64
8.9,0.5,21,39,0.99692,3.3299999999999996,0.8300000000000001
9.5,0.39,18,39,0.99859,3.29,0.81
6.4,0.39,12,53,0.99294,3.36,0.62
6.9,0.44,32,38,0.9943799999999999,3.32,0.58
7.6,0.7799999999999999,33,45,0.99612,3.3099999999999996,0.62
7.1,0.43000000000000005,27,51,0.99634,3.4899999999999998,0.64
9.3,0.49,3,14,0.99702,3.27,0.7799999999999999
9.3,0.5,6,17,0.99704,3.27,0.77
7.1,0.43000000000000005,27,51,0.99634,3.4899999999999998,0.64
8.5,0.46,16,45,0.99702,3.03,1.34
5.6,0.605,19,25,0.9925799999999999,3.56,0.55
8.3,0.32999999999999996,9,20,0.9942599999999999,3.38,0.77
8.2,0.64,5,77,0.99747,3.13,0.62
8.2,0.64,5,77,0.99747,3.13,0.62
8.9,0.48000000000000004,3,10,0.99586,3.21,0.59
7.6,0.42000000000000004,28,90,0.9978400000000001,3.15,0.5700000000000001
9.9,0.53,30,52,0.9971,3.19,0.76
8.9,0.48000000000000004,3,10,0.99586,3.21,0.59
11.6,0.23,3,8,0.9981,3.14,0.7
9.1,0.4,7,16,0.9946200000000001,3.21,0.69
8,0.38,6,15,0.9956,3.3,0.64
10.2,0.29000000000000004,6,17,0.99565,3.22,0.63
8.2,0.74,5,10,0.99418,3.2800000000000002,0.5700000000000001
7.7,0.61,6,20,0.9963,3.29,0.6
6.6,0.52,13,26,0.9935799999999999,3.4,0.72
11.1,0.31,3,10,0.99572,3.02,0.8300000000000001
11.1,0.31,3,10,0.99572,3.02,0.8300000000000001
8,0.62,28,52,0.997,3.3099999999999996,0.62
9.3,0.32999999999999996,19,37,0.99498,3.18,0.89
7.5,0.77,30,92,0.99892,3.2,0.58
7.2,0.35,33,75,0.9968,3.4,0.58
8,0.62,16,37,0.9972,3.3099999999999996,0.58
7.5,0.77,30,92,0.99892,3.2,0.58
9.1,0.25,45,67,0.9976900000000001,3.44,0.8600000000000001
9.9,0.32,3,8,0.99534,3.15,0.73
8.6,0.37,3,8,0.99817,3.27,0.58
8.6,0.37,3,8,0.99817,3.27,0.58
10.3,0.27,3,8,0.99471,3.16,0.51
7.2,0.38,31,70,0.99685,3.42,0.59
8.7,0.42000000000000004,32,59,0.99617,3.3299999999999996,0.77
7.2,0.38,31,70,0.99685,3.42,0.59
6.8,0.48000000000000004,40,64,0.99529,3.12,0.49
8.5,0.33999999999999997,3,9,0.9973799999999999,3.38,0.6599999999999999
7.9,0.19,18,30,0.994,3.29,0.69
11.6,0.41000000000000003,22,41,0.99735,3.02,0.76
11.6,0.41000000000000003,22,41,0.99735,3.02,0.76
10,0.26,42,74,0.9945099999999999,2.98,0.63
7.9,0.33999999999999997,8,19,0.9954599999999999,3.3499999999999996,0.6
7,0.54,10,16,0.9947900000000001,3.4299999999999997,0.59
9.2,0.31,11,31,0.99615,3.3299999999999996,0.8600000000000001
6.6,0.725,9,17,0.9965499999999999,3.3499999999999996,0.49
9.4,0.4,6,20,0.99772,3.15,0.5
6.6,0.725,9,17,0.9965499999999999,3.3499999999999996,0.49
8.6,0.52,5,18,0.99666,3.2,0.52
8,0.31,5,16,0.9935799999999999,3.15,0.81
8.6,0.52,5,18,0.99666,3.2,0.52
8.4,0.33999999999999997,23,36,0.99392,3.11,0.7799999999999999
7.4,0.49,14,25,0.99388,3.3499999999999996,0.63
6.1,0.48000000000000004,18,30,0.99402,3.4499999999999997,0.54
7.4,0.49,14,25,0.99388,3.3499999999999996,0.63
8,0.48000000000000004,16,25,0.9936,3.2800000000000002,0.6599999999999999
6.3,0.5700000000000001,13,49,0.9937400000000001,3.4099999999999997,0.6
8.2,0.23,9,17,0.99376,3.21,0.54
9.1,0.3,10,24,0.99523,3.27,0.8500000000000001
8.1,0.7799999999999999,4,13,0.9985499999999999,3.36,0.49
10.8,0.47000000000000003,27,66,0.9982,3.17,0.76
8.3,0.53,6,14,0.99593,3.25,0.64
7.9,0.32999999999999996,6,35,0.99396,3.29,0.71
8.9,0.24000000000000002,3,10,0.99698,3.12,0.59
5,0.4,29,80,0.9902,3.4899999999999998,0.6599999999999999
7,0.69,15,21,0.99572,3.38,0.6
7,0.69,15,21,0.99572,3.38,0.6
7,0.69,15,21,0.99572,3.38,0.6
7.1,0.39,14,24,0.99252,3.3,0.53
5.6,0.6599999999999999,7,15,0.9925599999999999,3.52,0.58
7.9,0.54,8,17,0.99235,3.2,0.72
6.6,0.5,21,28,0.99352,3.44,0.55
6.3,0.47000000000000003,27,33,0.9922,3.4499999999999997,0.48000000000000004
10.7,0.4,17,29,0.9967400000000001,3.12,0.65
6.5,0.58,3,13,0.99557,3.62,0.62
8.8,0.24000000000000002,13,27,0.99394,3.14,0.59
5.8,0.29000000000000004,3,11,0.9914999999999999,3.3899999999999997,0.54
6.3,0.76,26,52,0.9937900000000001,3.51,0.6
10,0.43000000000000005,28,89,0.9984,3.22,0.6799999999999999
10.5,0.43000000000000005,24,70,0.99798,3.21,0.69
9.1,0.6,5,10,0.9977,3.18,0.63
5.9,0.19,57,135,0.9934099999999999,3.32,0.44
7.4,0.36,18,38,0.9933,3.38,0.88
7.2,0.48000000000000004,10,18,0.9968400000000001,3.3699999999999997,0.6799999999999999
8.5,0.28,6,15,0.99524,3.3,0.74
8,0.25,22,50,0.9946,3.38,0.6
10.4,0.52,6,13,0.9977400000000001,3.22,0.76
10.4,0.52,6,13,0.9977400000000001,3.22,0.76
7.5,0.41000000000000003,29,94,0.99786,3.14,0.58
8.2,0.51,16,86,0.9976400000000001,3.34,0.64
7.3,0.4,33,79,0.9969,3.4099999999999997,0.65
8.2,0.38,24,71,0.99624,3.27,0.8500000000000001
6.9,0.45,6,12,0.99354,3.3,0.65
7,0.22,16,20,0.99672,3.61,0.8200000000000001
7.3,0.32,35,70,0.99588,3.4299999999999997,0.62
8.2,0.2,31,51,0.99672,3.53,0.81
7.8,0.5,6,21,0.996,3.2800000000000002,0.8700000000000001
10,0.41000000000000003,6,14,0.99702,3.21,0.49
7.8,0.39,9,21,0.9952599999999999,3.3899999999999997,0.6599999999999999
10,0.35,6,11,0.99585,3.23,0.52
8.2,0.32999999999999996,4,12,0.99473,3.3,0.76
6.1,0.58,16,70,0.99352,3.46,0.65
8.3,0.6,9,38,0.9961599999999999,3.15,0.53
9.6,0.42000000000000004,17,38,0.99622,3.23,0.6599999999999999
6.6,0.58,50,63,0.99544,3.59,0.6799999999999999
8.3,0.6,9,38,0.9961599999999999,3.15,0.53
8.5,0.18,45,88,0.99524,3.3299999999999996,0.76
5.1,0.51,16,101,0.9924,3.46,0.8700000000000001
6.7,0.41000000000000003,22,54,0.99572,3.42,1.1600000000000001
10.2,0.41000000000000003,11,37,0.9972799999999999,3.16,0.6699999999999999
10.6,0.36,6,20,0.99676,3.14,0.72
8.8,0.45,12,21,0.9955099999999999,3.21,0.75
8.5,0.32,12,19,0.99434,3.14,0.71
9,0.7849999999999999,10,21,0.99692,3.29,0.6699999999999999
9,0.7849999999999999,10,21,0.99692,3.29,0.6699999999999999
8.5,0.44,15,38,0.99634,3.01,1.1
9.9,0.54,7,60,0.99709,2.94,0.98
8.2,0.32999999999999996,29,48,0.9952799999999999,3.32,0.88
6.5,0.33999999999999997,8,44,0.9938400000000001,3.21,0.56
7.6,0.5,5,14,0.99502,3.32,0.62
9.2,0.36,5,12,0.9966700000000001,3.2,0.6699999999999999
7.1,0.59,26,44,0.99522,3.42,0.6799999999999999
9.7,0.42000000000000004,5,16,0.99649,3.27,0.74
7.6,0.36,26,65,0.9971599999999999,3.46,0.62
7.6,0.36,26,65,0.9971599999999999,3.46,0.62
6.5,0.61,48,59,0.9954099999999999,3.61,0.7
6.5,0.88,23,47,0.99572,3.58,0.5
7.1,0.6599999999999999,6,11,0.99318,3.3499999999999996,0.6599999999999999
5.6,0.915,17,78,0.9934599999999999,3.68,0.73
8.2,0.35,11,47,0.99599,3.27,0.81
8.2,0.35,11,47,0.99599,3.27,0.81
9.8,0.39,5,11,0.99478,3.19,0.46
10.2,0.4,41,54,0.99754,3.38,0.8600000000000001
6.8,0.6599999999999999,16,61,0.99572,3.29,0.6
6.7,0.64,11,119,0.9953799999999999,3.36,0.7
7,0.43000000000000005,6,39,0.9934599999999999,3.3299999999999996,0.46
6.6,0.8,6,12,0.9963,3.52,0.5
7,0.43000000000000005,6,39,0.9934599999999999,3.3299999999999996,0.46
6.7,0.64,11,119,0.9953799999999999,3.36,0.7
8.8,0.9550000000000001,5,19,0.9961599999999999,3.3,0.44
9.1,0.4,6,20,0.99652,3.2800000000000002,0.5700000000000001
6.5,0.885,6,12,0.9955099999999999,3.56,0.51
7.2,0.25,11,41,0.99439,3.52,0.8
6.4,0.885,6,12,0.9955099999999999,3.56,0.51
7,0.745,15,64,0.99588,3.22,0.59
6.2,0.43000000000000005,21,56,0.9963299999999999,3.52,0.6
7.9,0.58,23,94,0.99686,3.21,0.58
7.7,0.5700000000000001,4,9,0.9945799999999999,3.16,0.54
7.7,0.26,19,77,0.9951,3.15,0.7899999999999999
7.9,0.58,23,94,0.99686,3.21,0.58
7.7,0.5700000000000001,4,9,0.9945799999999999,3.16,0.54
7.9,0.33999999999999997,5,10,0.99419,3.27,0.54
8.6,0.42000000000000004,6,12,0.9951599999999999,3.3499999999999996,0.69
9.9,0.74,33,76,0.99878,3.14,0.55
7.2,0.36,24,44,0.99534,3.4,0.8500000000000001
7.2,0.36,24,44,0.99534,3.4,0.8500000000000001
7.2,0.36,24,44,0.99534,3.4,0.8500000000000001
9.9,0.72,24,52,0.99752,3.3499999999999996,0.9400000000000001
7.2,0.36,24,44,0.99534,3.4,0.8500000000000001
6.2,0.39,14,24,0.9942799999999999,3.4499999999999997,0.8700000000000001
6.8,0.65,8,15,0.99498,3.3499999999999996,0.62
6.6,0.44,22,53,0.9957,3.32,0.62
6.8,0.65,8,15,0.99498,3.3499999999999996,0.62
9.6,0.38,5,13,0.99659,3.15,0.75
10.2,0.32999999999999996,6,9,0.9962799999999999,3.1,0.48000000000000004
8.8,0.27,20,29,0.99488,3.2600000000000002,0.56
7.9,0.5700000000000001,10,79,0.99677,3.29,0.69
8.2,0.33999999999999997,43,74,0.99408,3.23,0.81
8.2,0.4,8,24,0.996,3.24,0.69
9,0.39,25,50,0.99478,3.2,0.8300000000000001
10.9,0.32,17,44,0.99734,3.2800000000000002,0.77
10.9,0.32,17,44,0.99734,3.2800000000000002,0.77
8.1,0.53,33,89,0.99678,3.2600000000000002,0.46
10.5,0.36,9,23,0.9963799999999999,3.23,0.76
12.6,0.39,8,20,0.9992,3.07,0.8200000000000001
9.2,0.46,18,77,0.99922,3.15,0.51
7.5,0.58,27,46,0.99592,3.02,0.47000000000000003
9,0.58,8,21,0.9976900000000001,3.27,0.72
5.1,0.42000000000000004,18,88,0.99157,3.68,0.73
7.6,0.43000000000000005,19,66,0.99718,3.4,0.64
7.7,0.18,15,58,0.9947,3.3699999999999997,0.7799999999999999
7.8,0.8150000000000001,48,90,0.9962099999999999,3.38,0.62
7.6,0.43000000000000005,19,66,0.99718,3.4,0.64
10.2,0.23,14,36,0.99614,3.23,0.49
7.1,0.75,11,18,0.99242,3.3899999999999997,0.4
6,0.32999999999999996,6,113,0.99572,3.3,0.56
7.8,0.55,7,17,0.99659,3.2600000000000002,0.64
7.1,0.75,11,18,0.99242,3.3899999999999997,0.4
8.1,0.73,12,24,0.99798,3.38,0.46
6.5,0.6699999999999999,11,20,0.99488,3.4499999999999997,0.56
7.5,0.61,36,60,0.99494,3.1,0.4
9.8,0.37,28,65,0.99729,3.16,0.59
9,0.4,15,40,0.99414,3.22,0.6
8.3,0.56,10,86,0.9983,3.3699999999999997,0.62
7.4,0.55,15,34,0.9965499999999999,3.4899999999999998,0.6799999999999999
7.4,0.74,15,48,0.99502,3.12,0.48000000000000004
7.4,0.55,15,34,0.9965499999999999,3.4899999999999998,0.6799999999999999
6.9,0.41000000000000003,22,36,0.9949,3.4099999999999997,0.75
7.1,0.6,24,37,0.99514,3.4,0.61
7.1,0.6,24,37,0.99514,3.4,0.61
7.5,0.58,27,60,0.9963,3.2800000000000002,0.59
7.1,0.72,6,14,0.99627,3.4499999999999997,0.58
7.9,0.6599999999999999,6,13,0.9956900000000001,3.4299999999999997,0.58
7.8,0.7,20,35,0.9962799999999999,3.4,0.69
6.1,0.64,26,46,0.9935799999999999,3.4699999999999998,0.45
7.5,0.59,43,60,0.99499,3.1,0.42000000000000004
7,0.58,12,69,0.9963299999999999,3.32,0.7
6.8,0.64,15,33,0.9953799999999999,3.44,0.63
6.8,0.64,15,33,0.9953799999999999,3.44,0.63
8.6,0.635,19,56,0.99632,3.02,1.1500000000000001
6.3,1.02,17,24,0.99437,3.59,0.55
9.8,0.45,34,66,0.9972599999999999,3.15,0.58
8.2,0.7799999999999999,13,26,0.9978,3.3699999999999997,0.46
8.5,0.37,26,51,0.9945599999999999,3.38,0.72
7.2,0.5700000000000001,16,36,0.9956400000000001,3.38,0.6
7.2,0.5700000000000001,16,36,0.9956400000000001,3.38,0.6
10.4,0.43000000000000005,13,19,0.996,3.1,0.8700000000000001
6.9,0.41000000000000003,21,51,0.99668,3.4699999999999998,0.55
5.5,0.49,28,87,0.9908,3.5,0.8200000000000001
5,0.38,26,60,0.99084,3.7,0.75
7.3,0.44,24,64,0.9934999999999999,3.38,0.5700000000000001
5.9,0.46,25,44,0.99385,3.5,0.53
7.5,0.58,34,44,0.99494,3.1,0.43000000000000005
7.8,0.58,17,36,0.9944,3.24,0.53
8,0.715,13,81,0.99688,3.24,0.54
8.5,0.4,3,10,0.99566,3.2800000000000002,0.56
7,0.69,3,10,0.9963599999999999,3.3499999999999996,0.6
8,0.715,13,81,0.99688,3.24,0.54
9.8,0.3,3,9,0.9948,3.14,0.5700000000000001
7.1,0.46,28,54,0.9956,3.3699999999999997,0.64
7.1,0.46,28,54,0.9956,3.3699999999999997,0.64
7.9,0.765,9,22,0.99619,3.3299999999999996,0.6799999999999999
8.7,0.63,17,69,0.99734,3.2600000000000002,0.63
7,0.42000000000000004,18,36,0.99476,3.3899999999999997,0.56
11.3,0.37,20,47,0.99734,3.15,0.5700000000000001
7.1,0.16,17,31,0.9932799999999999,3.3499999999999996,0.54
8,0.6,3,7,0.99286,3.22,0.37
7,0.6,20,110,0.99914,3.3,1.1700000000000002
7,0.6,20,110,0.99914,3.3,1.1700000000000002
7.6,0.74,6,12,0.9952099999999999,3.36,0.59
8.2,0.635,25,60,0.9963799999999999,3.29,0.75
5.9,0.395,14,28,0.9936200000000001,3.62,0.6699999999999999
7.5,0.755,6,12,0.99672,3.34,0.49
8.2,0.635,25,60,0.9963799999999999,3.29,0.75
6.6,0.63,51,77.5,0.9955799999999999,3.2,0.45
6.6,0.63,51,77.5,0.9955799999999999,3.2,0.45
7.2,0.53,15,29,0.99323,3.3499999999999996,0.61
5.7,0.6,11,18,0.99191,3.4499999999999997,0.56
6.7,0.8600000000000001,20,57,0.99598,3.6,0.74
9.1,0.37,4,15,0.99576,3.3,0.8
8,0.28,28,68,0.99501,3.36,0.6599999999999999
7.6,0.7899999999999999,21,68,0.9954999999999999,3.12,0.44
7.5,0.61,24,88,0.99612,3.3,0.53
9.7,0.69,22,91,0.9979,3.29,0.62
6.8,0.6799999999999999,15,29,0.99524,3.4099999999999997,0.52
9.7,0.69,22,91,0.9979,3.29,0.62
7,0.62,27,63,0.996,3.2800000000000002,0.61
7.5,0.61,24,88,0.99612,3.3,0.53
6.5,0.51,12,27,0.9929,3.3299999999999996,0.59
8,1.1800000000000002,14,41,0.99532,3.34,0.47000000000000003
7,0.36,20,65,0.9955799999999999,3.4,0.54
7,0.36,24,69,0.9955599999999999,3.4,0.53
7.5,0.63,17,91,0.9961599999999999,3.2600000000000002,0.58
9.9,0.44,10,41,0.9963799999999999,3.18,0.69
7.5,0.63,17,91,0.9961599999999999,3.2600000000000002,0.58
9.1,0.76,18,64,0.99652,2.9,1.33
9.7,0.6599999999999999,12,88,0.99796,3.2600000000000002,0.6599999999999999
9.1,0.33999999999999997,9,18,0.99392,3.18,0.55
9.1,0.36,21,55,0.99495,3.18,0.8200000000000001
6.7,0.46,18,34,0.9948,3.3899999999999997,0.6
6.7,0.46,18,34,0.9948,3.3899999999999997,0.6
6.7,0.46,18,34,0.9948,3.3899999999999997,0.6
6.7,0.46,18,34,0.9948,3.3899999999999997,0.6
6.5,0.52,13,38,0.9954999999999999,3.34,0.52
7.4,0.6,17,91,0.9961599999999999,3.29,0.56
7.4,0.6,17,91,0.9961599999999999,3.29,0.56
7.8,0.8700000000000001,31,67,0.99668,3.2600000000000002,0.46
8.4,0.39,6,25,0.99581,3.09,0.43000000000000005
9.1,0.775,12,48,0.9976,3.18,0.51
7.2,0.8350000000000001,4,11,0.99608,3.3899999999999997,0.52
6.6,0.58,19,40,0.99387,3.38,0.6599999999999999
6,0.5,15,26,0.9944799999999999,3.36,0.45
6,0.5,15,26,0.9944799999999999,3.36,0.45
6,0.5,15,26,0.9944799999999999,3.36,0.45
7.5,0.51,13,31,0.9953799999999999,3.36,0.54
7.5,0.51,13,31,0.9953799999999999,3.36,0.54
7.5,0.51,13,31,0.9953799999999999,3.36,0.54
7.6,0.54,17,31,0.99589,3.3699999999999997,0.51
7.5,0.51,13,31,0.9953799999999999,3.36,0.54
11.5,0.42000000000000004,8,20,0.99852,3.09,0.53
8.2,0.44,10,28,0.99613,3.25,0.53
6.1,0.59,5,13,0.99472,3.52,0.56
7.2,0.655,7,12,0.99587,3.34,0.39
7.2,0.655,7,12,0.99587,3.34,0.39
6.9,0.5700000000000001,21,41,0.99518,3.4099999999999997,0.52
9,0.6,32,73,0.99654,3.34,0.5700000000000001
7.2,0.62,8,46,0.99332,3.32,0.51
7.6,0.645,14,57,0.9969,3.3699999999999997,0.46
7.6,0.645,14,57,0.9969,3.3699999999999997,0.46
7.2,0.58,7,28,0.99568,3.3499999999999996,0.52
6.1,0.32,5,32,0.9946400000000001,3.36,0.44
6.1,0.33999999999999997,4,28,0.9946400000000001,3.36,0.44
7.3,0.43000000000000005,27,67,0.9964799999999999,3.6,0.59
7.4,0.64,52,98,0.9973599999999999,3.2800000000000002,0.5
11.6,0.47500000000000003,6,28,0.99704,3.07,0.65
9.2,0.54,11,38,0.99699,3.24,0.56
8.3,0.8500000000000001,13,54,0.99724,3.36,0.54
11.6,0.47500000000000003,6,28,0.99704,3.07,0.65
8,0.8300000000000001,11,63,0.99652,3.29,0.48000000000000004
7.2,0.605,10,31,0.995,3.46,0.53
7.8,0.5,10,42,0.9971,3.18,0.62
7.3,0.74,10,45,0.99576,3.24,0.5
6.9,0.54,9,105,0.99725,3.25,1.1800000000000002
8,0.77,16,74,0.9965599999999999,3.27,0.5
6.6,0.61,4,8,0.99396,3.3299999999999996,0.37
8.7,0.7799999999999999,12,66,0.99623,3,1.1700000000000002
7.5,0.58,5,14,0.99476,3.21,1.03
8.7,0.7799999999999999,12,66,0.99623,3,1.1700000000000002
7.7,0.75,34,89,0.9966400000000001,3.24,0.45
6.8,0.8150000000000001,16,29,0.99471,3.32,0.51
7.2,0.56,13,100,0.99586,3.2600000000000002,0.52
8.2,0.885,7,31,0.9946,3.11,0.46
5.2,0.49,23,74,0.9953,3.71,0.62
7.2,0.45,10,28,0.99609,3.29,0.51
7.5,0.5700000000000001,11,35,0.99557,3.36,0.62
7.5,0.5700000000000001,11,35,0.99557,3.36,0.62
6.8,0.8300000000000001,4,25,0.99534,3.38,0.45
8,0.6,25,105,0.99613,3.3,0.49
8,0.6,25,105,0.99613,3.3,0.49
7.1,0.755,20,84,0.99593,3.19,0.5
8,0.81,34,85,0.99668,3.19,0.42000000000000004
7.4,0.64,8,23,0.9961,3.3,0.58
7.4,0.64,8,23,0.9961,3.3,0.58
6.6,0.64,7,49,0.99718,3.3499999999999996,0.6799999999999999
6.7,0.48000000000000004,36,111,0.99524,3.1,0.53
6,0.49,15,33,0.99292,3.58,0.59
8,0.64,5,33,0.99612,3.3699999999999997,0.58
7.1,0.62,5,12,0.9942,3.17,0.48000000000000004
8,0.52,19,59,0.99612,3.3,0.48000000000000004
6.4,0.5700000000000001,27,73,0.9966900000000001,3.32,0.48000000000000004
8.6,0.6849999999999999,3,12,0.99745,3.3099999999999996,0.65
8.7,0.6749999999999999,4,11,0.99745,3.3099999999999996,0.65
7.3,0.59,17,104,0.9958400000000001,3.2800000000000002,0.52
7,0.6,13,28,0.9966,3.52,0.62
7.2,0.6699999999999999,10,24,0.9956,3.42,0.72
7.9,0.69,33,141,0.9962,3.25,0.51
7.9,0.69,33,141,0.9962,3.25,0.51
7.6,0.3,6,24,0.9963,3.44,0.8200000000000001
7.2,0.32999999999999996,3,13,0.996,3.23,1.1
8,0.5,12,46,0.9984999999999999,3.4299999999999997,0.62
7.7,0.28,18,34,0.9952,3.2800000000000002,0.9
8.2,0.24000000000000002,8,22,0.9974,3.22,0.9400000000000001
6,0.51,40,54,0.995,3.54,0.93
8.1,0.29000000000000004,35,53,0.995,3.27,1.01
6,0.51,40,54,0.995,3.54,0.93
6.6,0.96,5,16,0.9936,3.5,0.44
6.4,0.47000000000000003,8,19,0.9963,3.56,0.73
8.2,0.24000000000000002,8,22,0.9974,3.22,0.9400000000000001
9.9,0.5700000000000001,12,89,0.9963,3.04,0.9
10,0.32,3,15,0.9994,3.2,0.7799999999999999
6.2,0.58,8,18,0.9966,3.56,0.8400000000000001
10,0.32,3,15,0.9994,3.2,0.7799999999999999
7.3,0.33999999999999997,21,37,0.9952,3.3499999999999996,0.77
7.8,0.53,3,19,0.995,3.16,0.46
7.7,0.64,32,133,0.9956,3.27,0.45
7.8,0.53,3,19,0.995,3.16,0.46
7.5,0.4,24,58,0.9964999999999999,3.34,0.58
7,0.54,39,55,0.9956,3.3899999999999997,0.8400000000000001
6.4,0.53,14,31,0.9968,3.5,0.6699999999999999
8.3,0.26,8,23,0.9974,3.2600000000000002,0.7
8.3,0.26,8,23,0.9974,3.2600000000000002,0.7
7.7,0.23,23,60,0.9971,3.4099999999999997,0.71
7.6,0.41000000000000003,6,23,0.9957,3.3,0.58
7.8,0.64,27,55,0.9962,3.3099999999999996,0.63
7.9,0.18,38,67,0.996,3.3299999999999996,0.93
7.4,0.41000000000000003,18,47,0.9956,3.3699999999999997,0.62
7.6,0.43000000000000005,13,74,0.9958,3.2600000000000002,0.54
5.9,0.44,3,11,0.9944,3.48,0.8500000000000001
6.1,0.4,11,25,0.9954999999999999,3.42,0.74
10,0.38,27,90,0.99914,3.15,0.65
6.8,0.915,15,39,0.99577,3.53,0.54
7,0.59,3,8,0.996,3.4099999999999997,0.47000000000000003
7.3,0.6699999999999999,31,92,0.99566,3.32,0.6799999999999999
7.2,0.37,15,28,0.9947,3.23,0.73
7.4,0.7849999999999999,19,98,0.99713,3.16,0.52
6.9,0.63,18,30,0.99712,3.4,0.75
6.9,0.58,8,22,0.99322,3.38,0.49
7.3,0.6699999999999999,31,92,0.99566,3.32,0.6799999999999999
7.4,0.7849999999999999,19,98,0.99713,3.16,0.52
6.9,0.63,18,30,0.99712,3.4,0.75
6.8,0.6699999999999999,22,39,0.99701,3.4,0.74
6.9,0.58,40,54,0.99683,3.4,0.73
7.2,0.38,15,29,0.99472,3.23,0.76
7.2,0.37,15,28,0.9947,3.23,0.73
7.8,0.32,8,17,0.99732,3.3299999999999996,0.7799999999999999
6.6,0.58,37,53,0.9937400000000001,3.3499999999999996,0.76
7.6,0.49,27,85,0.99706,3.4099999999999997,0.58
11.7,0.45,7,23,0.9997400000000001,3.21,0.69
6.5,0.9,9,17,0.99467,3.5,0.63
6,0.54,38,89,0.9923599999999999,3.3,0.5
7.6,0.49,27,85,0.99706,3.4099999999999997,0.58
8.4,0.29000000000000004,8,20,0.99603,3.3899999999999997,0.6
7.9,0.2,7,15,0.9945799999999999,3.32,0.8
6.4,0.42000000000000004,34,64,0.99724,3.4099999999999997,0.6799999999999999
6.2,0.7849999999999999,6,13,0.9966400000000001,3.59,0.61
6.8,0.64,14,31,0.99545,3.36,0.58
6.9,0.63,14,39,0.99522,3.34,0.53
6.8,0.59,34,53,0.9958,3.4099999999999997,0.6699999999999999
6.8,0.59,34,53,0.9958,3.4099999999999997,0.6699999999999999
7.3,0.48000000000000004,31,54,0.9972799999999999,3.3,0.65
6.7,1.04,19,32,0.9964799999999999,3.52,0.5700000000000001
7.3,0.48000000000000004,31,54,0.9972799999999999,3.3,0.65
7.3,0.98,20,49,0.99705,3.3099999999999996,0.55
10,0.69,8,24,0.99578,2.88,0.47000000000000003
6.7,0.7,8,16,0.99334,3.4299999999999997,0.52
7.6,0.35,23,44,0.9965599999999999,3.38,0.7899999999999999
6.1,0.6,14,45,0.9933599999999999,3.38,0.54
9.9,0.5,48,82,1.0024199999999999,3.16,0.75
5.3,0.47000000000000003,16,89,0.99182,3.54,0.88
9.9,0.5,48,82,1.0024199999999999,3.16,0.75
5.3,0.47000000000000003,16,89,0.99182,3.54,0.88
7.1,0.8750000000000001,3,14,0.99808,3.4,0.52
8.2,0.28,10,22,0.99828,3.3899999999999997,0.6799999999999999
5.6,0.62,6,13,0.99498,3.66,0.62
8.2,0.28,10,22,0.99828,3.3899999999999997,0.6799999999999999
7.2,0.58,3,9,0.99719,3.3299999999999996,0.5700000000000001
8.1,0.32999999999999996,6,12,0.99542,3.3499999999999996,0.61
6.8,0.91,4,11,0.99592,3.53,0.64
7,0.655,8,25,0.99606,3.3699999999999997,0.55
6.8,0.6799999999999999,9,23,0.9954599999999999,3.38,0.6
6,0.64,9,17,0.99496,3.52,0.7799999999999999
5.6,0.54,5,13,0.9942,3.72,0.58
6.2,0.5700000000000001,4,11,0.9944799999999999,3.44,0.76
7.1,0.22,8,18,0.99344,3.3899999999999997,0.56
5.6,0.54,5,13,0.9942,3.72,0.58
6.2,0.65,6,18,0.9934799999999999,3.57,0.54
7.7,0.54,23,147,0.9963599999999999,3.2600000000000002,0.59
6.4,0.31,15,28,0.99459,3.42,0.7
7,0.43000000000000005,15,28,0.99492,3.3499999999999996,0.81
7.7,0.54,23,147,0.9963599999999999,3.2600000000000002,0.59
6.9,0.74,7,16,0.99508,3.4499999999999997,0.63
6.6,0.895,7,13,0.99582,3.53,0.58
6.9,0.74,7,16,0.99508,3.4499999999999997,0.63
7.5,0.725,8,15,0.99508,3.2600000000000002,0.53
7.8,0.8200000000000001,21,64,0.99642,3.16,0.53
7.3,0.585,15,60,0.9963799999999999,3.3099999999999996,0.54
6.2,0.44,6,14,0.9955499999999999,3.51,0.69
7.5,0.38,5,12,0.99605,3.36,0.55
6.7,0.76,6,12,0.996,3.55,0.63
6.8,0.81,6,14,0.9956200000000001,3.51,0.6599999999999999
7.5,0.38,5,12,0.99605,3.36,0.55
7.1,0.27,17,25,0.99814,3.38,0.72
7.9,0.18,7,20,0.9941,3.2800000000000002,0.7
6.4,0.36,26,48,0.99661,3.4699999999999998,0.77
7.1,0.69,19,27,0.99712,3.44,0.6699999999999999
6.4,0.7899999999999999,11,17,0.99588,3.53,0.65
6.4,0.56,17,65,0.99294,3.3299999999999996,0.6
6.9,0.8400000000000001,16,65,0.99842,3.53,0.72
6.9,0.8400000000000001,16,65,0.99842,3.53,0.72
6.1,0.32,23,58,0.9963299999999999,3.42,0.97
6.5,0.53,29,44,0.99489,3.38,0.8300000000000001
7.4,0.47000000000000003,7,20,0.99647,3.32,0.63
6.6,0.7,14,27,0.99665,3.44,0.58
6.5,0.53,29,44,0.99489,3.38,0.8300000000000001
6.9,0.48000000000000004,9,23,0.99585,3.3899999999999997,0.43000000000000005
6.1,0.32,23,58,0.9963299999999999,3.42,0.97
6.8,0.48000000000000004,29,61,0.9953,3.34,0.6
6,0.42000000000000004,22,47,0.99522,3.3899999999999997,0.7799999999999999
6.7,0.48000000000000004,18,34,0.99552,3.3299999999999996,0.64
6.8,0.47000000000000003,18,38,0.9955299999999999,3.3,0.65
7.1,0.53,15,24,0.9951,3.29,0.6599999999999999
7.9,0.29000000000000004,21,59,0.99714,3.3099999999999996,0.6699999999999999
7.1,0.69,42,52,0.99608,3.42,0.6
6.6,0.44,9,18,0.99444,3.42,0.69
6.1,0.705,13,28,0.9963099999999999,3.6,0.6599999999999999
7.2,0.53,18,22,0.99573,3.21,0.6799999999999999
8,0.39,32,84,0.99717,3.3899999999999997,0.61
6.6,0.56,13,29,0.99397,3.42,0.62
7,0.55,15,35,0.9959,3.36,0.59
6.1,0.53,24,45,0.9952799999999999,3.6,0.6799999999999999
5.4,0.58,20,31,0.9948400000000001,3.5,0.64
6.2,0.64,15,26,0.9953799999999999,3.57,0.63
7.2,0.39,34,60,0.99714,3.46,0.7799999999999999
6.2,0.52,11,32,0.9964599999999999,3.56,0.63
7.4,0.25,19,49,0.99666,3.4,0.76
6.7,0.8550000000000001,29,38,0.99472,3.3,0.56
11.1,0.44,14,19,0.9975799999999999,3.25,0.5700000000000001
8.4,0.37,12,19,0.9954999999999999,3.17,0.81
6.5,0.63,16,28,0.9953099999999999,3.36,0.64
7,0.5700000000000001,17,26,0.99575,3.36,0.61
6.3,0.6,12,26,0.9930599999999999,3.55,0.51
11.2,0.4,19,50,0.99783,3.1,0.58
7.4,0.36,17,24,0.99419,3.24,0.7
7.1,0.6799999999999999,17,26,0.99783,3.4499999999999997,0.53
7.1,0.6699999999999999,18,27,0.99768,3.44,0.54
6.3,0.6799999999999999,32,54,0.99586,3.51,0.6599999999999999
7.3,0.735,18,28,0.99765,3.4099999999999997,0.6
6.6,0.8550000000000001,15,23,0.99627,3.54,0.6
7,0.56,15,24,0.99514,3.44,0.6799999999999999
6.6,0.88,12,20,0.9963599999999999,3.53,0.56
6.6,0.8550000000000001,15,23,0.99627,3.54,0.6
7.8,0.6,31,131,0.99622,3.21,0.52
7.8,0.6,31,131,0.99622,3.21,0.52
7.8,0.6,31,131,0.99622,3.21,0.52
7.2,0.695,12,20,0.9954599999999999,3.29,0.54
7.2,0.695,12,20,0.9954599999999999,3.29,0.54
7.2,0.695,12,20,0.9954599999999999,3.29,0.54
6.7,0.6699999999999999,26,42,0.99489,3.3899999999999997,0.8200000000000001
6.7,0.16,24,52,0.99494,3.34,0.71
7.2,0.695,12,20,0.9954599999999999,3.29,0.54
7,0.56,25,42,0.99629,3.34,0.59
6.2,0.51,15,34,0.99396,3.48,0.5700000000000001
6.4,0.36,19,35,0.9934,3.3699999999999997,0.93
6.4,0.38,15,25,0.99514,3.44,0.65
7.3,0.69,35,104,0.99632,3.3299999999999996,0.51
6,0.58,15,50,0.99467,3.58,0.6699999999999999
5.6,0.31,23,92,0.99677,3.3899999999999997,0.48000000000000004
7.5,0.52,12,20,0.9947400000000001,3.2600000000000002,0.64
8,0.3,16,29,0.99588,3.3,0.7799999999999999
6.2,0.7,13,27,0.99622,3.54,0.6
6.8,0.6699999999999999,13,20,0.9954,3.42,0.6699999999999999
6.2,0.56,24,32,0.99402,3.54,0.6
7.4,0.35,9,26,0.9947,3.36,0.6
6.2,0.56,24,32,0.99402,3.54,0.6
6.1,0.715,13,27,0.9936200000000001,3.57,0.5
6.2,0.46,32,98,0.99578,3.3299999999999996,0.62
6.7,0.32,24,34,0.9948400000000001,3.29,0.8
7.2,0.39,22,48,0.99494,3.3,0.8400000000000001
7.5,0.31,34,60,0.99492,3.34,0.8500000000000001
5.8,0.61,18,28,0.99483,3.55,0.6599999999999999
7.2,0.6599999999999999,34,102,0.99414,3.27,0.7799999999999999
6.6,0.725,29,79,0.9977,3.29,0.54
6.3,0.55,26,35,0.99314,3.32,0.8200000000000001
5.4,0.74,16,26,0.99402,3.67,0.56
6.3,0.51,29,40,0.9957400000000001,3.42,0.75
6.8,0.62,28,38,0.9965099999999999,3.42,0.8200000000000001
6.2,0.6,32,44,0.9949,3.4499999999999997,0.58
5.9,0.55,39,51,0.99512,3.52,0.76
6.3,0.51,29,40,0.9957400000000001,3.42,0.75
5.9,0.645,32,44,0.99547,3.57,0.71
6,0.31,18,42,0.99549,3.3899999999999997,0.6599999999999999
